"MP Name","Constituency","State","House","Allocated Amount (₹)","Total Expenditure (₹)","Utilization %","Completed Works","Recommended Works","Completion Rate %","Unspent Amount (₹)","Transaction Count","Successful Payments","Pending Payments","Average Rating"
"Smt. S. Phangnon Konyak (2022-28)","Sitting Rajya Sabha","Nagaland","Rajya Sabha",206563957.11,196626200,95.19,57,20,74.03,9937757.110000014,125,123,2,"N/A"
"Shri Arun Kumar Sagar ","SHAHJAHANPUR","Uttar Pradesh","Lok Sabha",147000000,138723000,94.37,4,3,57.14,8277000,45,45,0,"N/A"
"S SUPONGMEREN JAMIR","NAGALAND","Nagaland","Lok Sabha",147000000,138150000,93.98,38,18,67.86,8850000,81,81,0,"N/A"
"VIJAYLAKSHMI DEVI","SIWAN","Bihar","Lok Sabha",147000000,134748616,91.67,95,87,52.2,12251384,142,135,7,"N/A"
"Pradeep Kumar Singh","ARARIA","Bihar","Lok Sabha",147000000,132606146,90.21,39,47,45.35,14393854,86,68,18,"N/A"
"Smt Veena Devi ","VAISHALI","Bihar","Lok Sabha",147000000,131108889,89.19,30,29,50.85,15891111,49,49,0,"N/A"
"Smt. Darshana Singh (2022-28)","Sitting Rajya Sabha","Uttar Pradesh","Rajya Sabha",196994373.87,174994106,88.83,31,16,65.96,22000267.870000005,133,132,1,"N/A"
"Shri Mithlesh Kumar (2022-28)","Sitting Rajya Sabha","Uttar Pradesh","Rajya Sabha",196063957.11,170753928,87.09,195,9,95.59,25310029.110000014,232,232,0,"N/A"
"Smt. Sangeeta Yadav (2022-28)","Sitting Rajya Sabha","Uttar Pradesh","Rajya Sabha",196063957.11,169940841,86.68,43,78,35.54,26123116.110000014,261,260,1,"N/A"
"Smt. Geeta alias Chandraprabha (2020-26)","Sitting Rajya Sabha","Uttar Pradesh","Rajya Sabha",196063957.11,169877016.35,86.64,210,37,85.02,26186940.76000002,313,313,0,"N/A"
"Shri B.L. Verma (2020-26)","Sitting Rajya Sabha","Uttar Pradesh","Rajya Sabha",196063957.11,168937264.09,86.16,350,64,84.54,27126693.02000001,804,803,1,"N/A"
"Smt. Sumitra Balmik (2022-28)","Sitting Rajya Sabha","Madhya Pradesh","Rajya Sabha",196063957.11,163767349,83.53,62,116,34.83,32296608.110000014,419,419,0,"N/A"
"Shri Javed Ali Khan (2022-28)","Sitting Rajya Sabha","Uttar Pradesh","Rajya Sabha",196063957.11,162685314.28,82.98,125,68,64.77,33378642.830000013,261,251,10,"N/A"
"Ashok Kumar Rawat","MISRIKH","Uttar Pradesh","Lok Sabha",147000000,121139986,82.41,2,3,40,25860014,32,24,8,"N/A"
"Shri Ramji (2020-26)","Sitting Rajya Sabha","Uttar Pradesh","Rajya Sabha",174518577.11,141923083,81.32,154,91,62.86,32595494.110000014,258,174,84,"N/A"
"Prof. Ram Gopal Yadav (2020-26)","Sitting Rajya Sabha","Uttar Pradesh","Rajya Sabha",221271395.11,178725656,80.77,25,56,30.86,42545739.110000014,125,124,1,"N/A"
"SUKHDEO BHAGAT","LOHARDAGA","Jharkhand","Lok Sabha",171821957.11,138586757,80.66,80,204,28.17,33235200.110000014,358,358,0,"N/A"
"Shri R. Dharmar (2022-28)","Sitting Rajya Sabha","Tamil Nadu","Rajya Sabha",260812242.52,207877791,79.7,189,55,77.46,52934451.52000001,198,198,0,"N/A"
"Shri Hardeep Singh Puri (2020-26)","Sitting Rajya Sabha","Uttar Pradesh","Rajya Sabha",226801049.11,180480217.2,79.58,289,126,69.64,46320831.910000026,885,885,0,"N/A"
"Dr. Faiyaz Ahmad (2022-28)","Sitting Rajya Sabha","Bihar","Rajya Sabha",235263957.11,183753433,78.11,137,52,72.49,51510524.110000014,174,171,3,"N/A"
"Giridhari Yadav","BANKA","Bihar","Lok Sabha",147000000,114805889,78.1,92,28,76.67,32194111,96,96,0,"N/A"
"Shri Khiru Mahto (2022-28)","Sitting Rajya Sabha","Bihar","Rajya Sabha",235770091.81,183791258,77.95,171,6,96.61,51978833.81,176,176,0,"N/A"
"Smt. Seema Dwivedi (2020-26)","Sitting Rajya Sabha","Uttar Pradesh","Rajya Sabha",173830159.11,135282718.4,77.82,210,198,51.47,38547440.71000001,313,302,11,"N/A"
"Dr. Bhim Singh (2024-30)","Sitting Rajya Sabha","Bihar","Rajya Sabha",186200000,143120329,76.86,233,85,73.27,43079671,284,281,3,"N/A"
"Shri S. Kalyanasundaram (2022-28)","Sitting Rajya Sabha","Tamil Nadu","Rajya Sabha",239763792.52,183132534,76.38,141,44,76.22,56631258.52000001,188,180,8,"N/A"
"Smt. Ranjeet Ranjan (2022-28)","Sitting Rajya Sabha","Chhattisgarh","Rajya Sabha",246780257.87,185739464,75.27,164,117,58.36,61040793.870000005,452,430,22,"N/A"
"Shri Shambhu Sharan Patel (2022-28)","Sitting Rajya Sabha","Bihar","Rajya Sabha",237168443.49,175884824,74.16,199,109,64.61,61283619.49000001,222,221,1,"N/A"
"Mukesh Rajput","FARRUKHABAD","Uttar Pradesh","Lok Sabha",147000000,108417412,73.75,246,60,80.39,38582588,367,367,0,"N/A"
"Dr. Dharmshila Gupta (2024-30)","Sitting Rajya Sabha","Bihar","Rajya Sabha",186200000,136714265,73.42,87,55,61.27,49485735,113,112,1,"N/A"
"Ramprit Mandal","JHANJHARPUR","Bihar","Lok Sabha",147000000,107510581,73.14,91,89,50.56,39489419,104,104,0,"N/A"
"ANDREW J. SYNGKON","SHILLONG","Meghalaya","Lok Sabha",98000000,71430000,72.89,98,143,40.66,26570000,327,319,8,"N/A"
"RAM PRASAD CHAUDHARY","BASTI","Uttar Pradesh","Lok Sabha",204176957.11,148429426,72.7,37,146,20.22,55747531.110000014,239,238,1,1
"DR. RAJESH MISHRA","SIDHI","Madhya Pradesh","Lok Sabha",262724510.35,184983789,70.41,172,169,50.44,77740721.35,656,637,19,"N/A"
"Shri R. Girirajan (2022-28)","Sitting Rajya Sabha","Tamil Nadu","Rajya Sabha",236312242.52,165928789,70.22,150,71,67.87,70383453.52000001,191,190,1,"N/A"
"Smt. Mahua Maji (2022-28)","Sitting Rajya Sabha","Jharkhand","Rajya Sabha",232524001.2,163193927,70.18,150,315,32.26,69330074.19999999,598,598,0,"N/A"
"Shri Aditya Prasad (2022-28)","Sitting Rajya Sabha","Jharkhand","Rajya Sabha",227628508.2,159474868,70.06,141,85,62.39,68153640.19999999,383,382,1,"N/A"
"Dr. Sandeep Kumar Pathak (2022-28)","Sitting Rajya Sabha","Punjab","Rajya Sabha",232203454.24,161879632,69.71,157,121,56.47,70323822.24000001,1134,1098,36,"N/A"
"Shri Baburam Nishad (2022-28)","Sitting Rajya Sabha","Uttar Pradesh","Rajya Sabha",196063957.11,136082109.32,69.41,436,213,67.18,59981847.79000002,595,592,3,"N/A"
"Pradyut Bordoloi","NOWGONG","Assam","Lok Sabha",98000000,67857468,69.24,13,202,6.05,30142532,478,471,7,"N/A"
"Smt. Sadhna Singh (2024-30)","Sitting Rajya Sabha","Uttar Pradesh","Rajya Sabha",147000000,101298179,68.91,5,13,27.78,45701821,37,37,0,"N/A"
"Bhola Singh","BULANDSHAHR","Uttar Pradesh","Lok Sabha",147000000,101017522,68.72,142,148,48.97,45982478,250,250,0,"N/A"
"Shri Gulam Ali (2022-28)","Nominated Rajya Sabha","Jammu And Kashmir","Rajya Sabha",196063957.11,134148715,68.42,156,29,84.32,61915242.110000014,193,190,3,"N/A"
"ARUN BHARTI","JAMUI","Bihar","Lok Sabha",194924621.11,132883940,68.17,218,110,66.46,62040681.110000014,306,288,18,"N/A"
"Shri Satish Chandra Dubey (2022-28)","Sitting Rajya Sabha","Bihar","Rajya Sabha",235263957.11,160336407,68.15,162,92,63.78,74927550.11000001,207,205,2,"N/A"
"Shri Arun Singh (2020-26)","Sitting Rajya Sabha","Uttar Pradesh","Rajya Sabha",223492764.11,151462382,67.77,46,65,41.44,72030382.11000001,197,194,3,"N/A"
"DR. LATA WANKHEDE","SAGAR","Madhya Pradesh","Lok Sabha",147000000,99315853,67.56,103,133,43.64,47684147,272,250,22,"N/A"
"Shri Sant Balbir Singh (2022-28)","Sitting Rajya Sabha","Punjab","Rajya Sabha",196359074.44000003,131641205.41,67.04,206,174,54.21,64717869.03000003,763,755,8,"N/A"
"Shri Tapir Gao","ARUNACHAL EAST","Arunachal Pradesh","Lok Sabha",147000000,98534470,67.03,106,65,61.99,48465530,199,199,0,"N/A"
"SALENG A SANGMA","TURA","Meghalaya","Lok Sabha",147000000,98370000,66.92,132,208,38.82,48630000,430,423,7,"N/A"
"SUDHAKAR SINGH","BUXAR","Bihar","Lok Sabha",185211956.54,123581875,66.72,98,106,48.04,61630081.53999999,176,176,0,"N/A"
"ANOOP PRADHAN BALMIKI","HATHRAS","Uttar Pradesh","Lok Sabha",147000000,97915147,66.61,69,37,65.09,49084853,141,141,0,"N/A"
"Shri Jaggesh (2022-28)","Sitting Rajya Sabha","Karnataka","Rajya Sabha",196063957.11,130587101,66.6,126,82,60.58,65476856.110000014,166,166,0,"N/A"
"NEERAJ MAURYA","AONLA","Uttar Pradesh","Lok Sabha",147000000,97488644,66.32,17,19,47.22,49511356,101,101,0,"N/A"
"THARANIVENTHAN M S","ARANI","Tamil Nadu","Lok Sabha",168337124.35,111465790,66.22,180,136,56.96,56871334.349999994,215,214,1,"N/A"
"KAMLESH JANGDE","JANJGIR CHAMPA","Chhattisgarh","Lok Sabha",150384382.11,99411941,66.11,254,90,73.84,50972441.110000014,602,596,6,"N/A"
"RAJ BHUSHAN CHOUDHARY","MUZAFFARPUR","Bihar","Lok Sabha",147000000,96375137,65.56,77,53,59.23,50624863,90,90,0,"N/A"
"Rajkumar Chahar ","FATEHPUR SIKRI","Uttar Pradesh","Lok Sabha",147000000,96369831,65.56,45,5,90,50630169,92,92,0,"N/A"
"RICHARD VANLALHMANGAIHA","MIZORAM","Mizoram","Lok Sabha",147000000,96361729,65.55,134,132,50.38,50638271,319,316,3,"N/A"
"DR RANI SRI KUMAR","TENKASI","Tamil Nadu","Lok Sabha",153060922.82,99919930,65.28,102,58,63.75,53140992.81999999,123,123,0,"N/A"
"AKSHAYA YADAV","FIROZABAD","Uttar Pradesh","Lok Sabha",147000000,95931875,65.26,37,6,86.05,51068125,83,83,0,"N/A"
"CHHATRA PAL SINGH GANGWAR","BAREILLY","Uttar Pradesh","Lok Sabha",147000000,95712065,65.11,142,42,77.17,51287935,290,290,0,"N/A"
"MANOJ KUMAR","SASARAM","Bihar","Lok Sabha",147000000,95686097,65.09,82,112,42.27,51313903,122,121,1,"N/A"
"Pankaj Chowdhary","MAHARAJGANJ","Uttar Pradesh","Lok Sabha",147000000,95676373,65.09,38,11,77.55,51323627,94,94,0,"N/A"
"KARAN BHUSHAN SINGH","KAISERGANJ","Uttar Pradesh","Lok Sabha",147000000,95454825,64.94,33,75,30.56,51545175,145,144,1,"N/A"
"Dr. Kavita Patidar (2022-28)","Sitting Rajya Sabha","Madhya Pradesh","Rajya Sabha",197118521.35000002,127377000.12,64.62,142,75,65.44,69741521.23000002,427,426,1,"N/A"
"Indra Hang Subba","SIKKIM","Sikkim","Lok Sabha",152003923.11,98023420,64.49,38,89,29.92,53980503.110000014,80,80,0,"N/A"
"Shri K.R.N. Rajeshkumar (2022-28)","Sitting Rajya Sabha","Tamil Nadu","Rajya Sabha",238513975.53,152999036,64.15,84,18,82.35,85514939.53,97,96,1,"N/A"
"SHER SINGH GHUBAYA","FIROZPUR","Punjab","Lok Sabha",147000000,94266196,64.13,361,119,75.21,52733804,462,450,12,"N/A"
"ANGOMCHA BIMOL AKOIJAM","INNER MANIPUR","Manipur","Lok Sabha",147000000,93860392,63.85,21,27,43.75,53139608,67,67,0,"N/A"
"Prof SP Singh Baghel","AGRA","Uttar Pradesh","Lok Sabha",147000000,93200157,63.4,55,55,50,53799843,140,127,13,"N/A"
"JITENDRA KUMAR DOHARE","ETAWAH","Uttar Pradesh","Lok Sabha",188747306.26,119571988,63.35,192,322,37.35,69175318.25999999,518,518,0,"N/A"
"Shri Ramji Lal Suman (2024-30)","Sitting Rajya Sabha","Uttar Pradesh","Rajya Sabha",147000000,93005621,63.27,29,64,31.18,53994379,120,120,0,"N/A"
"GAIKWAD VARSHA EKNATH","MUMBAI NORTH-CENTRAL","Maharashtra","Lok Sabha",147000000,92563767,62.97,0,57,0,54436233,54,51,3,"N/A"
"PRAVEEN PATEL","PHULPUR","Uttar Pradesh","Lok Sabha",151559884.09,95102075,62.75,14,10,58.33,56457809.09,37,35,2,"N/A"
"SK NURUL ISLAM","BASIRHAT","West Bengal","Lok Sabha",49000000,30740105,62.73,7,25,21.88,18259895,21,21,0,"N/A"
"Rodmal Nagar ","RAJGARH","Madhya Pradesh","Lok Sabha",147000000,92107905,62.66,54,301,15.21,54892095,265,265,0,"N/A"
"AWADHESH PRASAD","FAIZABAD","Uttar Pradesh","Lok Sabha",147000000,92097873,62.65,108,93,53.73,54902127,288,253,35,"N/A"
"Dr. K. Laxman (2022-28)","Sitting Rajya Sabha","Uttar Pradesh","Rajya Sabha",197637007.11,123809716,62.65,275,48,85.14,73827291.11000001,323,311,12,"N/A"
"RAKESH RATHOR","SITAPUR","Uttar Pradesh","Lok Sabha",147000000,91524162,62.26,21,50,29.58,55475838,105,104,1,"N/A"
"SARABJEET SINGH KHALSA","FARIDKOT","Punjab","Lok Sabha",150850348.15,93855473,62.22,227,313,42.04,56994875.150000006,703,702,1,"N/A"
"SACHITHANANTHAM R","DINDIGUL","Tamil Nadu","Lok Sabha",147000000,91226196,62.06,50,84,37.31,55773804,87,84,3,"N/A"
"Shri Chandrakant Damodar Handore (2024-30)","Sitting Rajya Sabha","Maharashtra","Rajya Sabha",147000000,91048479,61.94,9,29,23.68,55951521,26,26,0,"N/A"
"CHHOTELAL","ROBERTSGANJ","Uttar Pradesh","Lok Sabha",147000000,90952339,61.87,261,174,60,56047661,728,726,2,"N/A"
"Shri Karti P Chidambaram ","SIVAGANGA","Tamil Nadu","Lok Sabha",159049284.11,98344507,61.83,117,65,64.29,60704777.110000014,147,145,2,"N/A"
"Dinesh Chandra Yadav","MADHEPURA","Bihar","Lok Sabha",150070866.11,92486814,61.63,105,51,67.31,57584052.110000014,113,113,0,"N/A"
"Dr. Sikander Kumar (2022-28)","Sitting Rajya Sabha","Himachal Pradesh","Rajya Sabha",207863957.11,127603852.04,61.39,170,224,43.15,80260105.07000001,421,413,8,"N/A"
"Manickam Tagore B","VIRUDHUNAGAR","Tamil Nadu","Lok Sabha",147000000,90165437,61.34,69,17,80.23,56834563,93,93,0,"N/A"
"Shri Dorjee Tshering Lepcha (2024-30)","Sitting Rajya Sabha","Sikkim","Rajya Sabha",150170726.11,91921040,61.21,85,33,72.03,58249686.110000014,183,183,0,"N/A"
"Shri Tejveer Singh (2024-30)","Sitting Rajya Sabha","Uttar Pradesh","Rajya Sabha",147000000,89900058,61.16,53,33,61.63,57099942,152,152,0,"N/A"
"Shri Ratanjit Pratap Narain Singh (2024-30)","Sitting Rajya Sabha","Uttar Pradesh","Rajya Sabha",147000000,89673432,61,83,42,66.4,57326568,213,213,0,"N/A"
"Asit Kumar Mal ","BOLPUR","West Bengal","Lok Sabha",275694456.74,167302248,60.68,134,68,66.34,108392208.74000001,156,153,3,"N/A"
"MALAIYARASAN D","KALLAKURICHI","Tamil Nadu","Lok Sabha",201599593,121901141,60.47,198,188,51.3,79698452,204,204,0,"N/A"
"Sanjay Seth ","RANCHI","Jharkhand","Lok Sabha",147064357.11,88234955,60,49,101,32.67,58829402.110000014,245,236,9,"N/A"
"Dr Mohammad Jawed","KISHANGANJ","Bihar","Lok Sabha",148669229.11,89065400,59.91,130,79,62.2,59603829.110000014,138,138,0,"N/A"
"BHARTI PARDHI","BALAGHAT","Madhya Pradesh","Lok Sabha",154398389.01,92426127,59.86,80,89,47.34,61972262.00999999,491,485,6,"N/A"
"Shri Satish Kumar Gautam ","ALIGARH","Uttar Pradesh","Lok Sabha",147000000,87713538,59.67,21,82,20.39,59286462,127,127,0,"N/A"
"Ganesan Selvam","KANCHEEPURAM","Tamil Nadu","Lok Sabha",186508749.11,111117216,59.58,273,183,59.87,75391533.11000001,291,289,2,"N/A"
"Kiren Rijiju","ARUNACHAL WEST","Arunachal Pradesh","Lok Sabha",147000000,87533016,59.55,114,17,87.02,59466984,162,156,6,"N/A"
"Dileshwar Kamait ","SUPAUL","Bihar","Lok Sabha",150450930.89,89329681,59.37,46,85,35.11,61121249.889999986,76,76,0,"N/A"
"K E PRAKASH","ERODE","Tamil Nadu","Lok Sabha",147000000,87182728,59.31,141,92,60.52,59817272,148,147,1,"N/A"
"CN Annadurai","TIRUVANNAMALAI","Tamil Nadu","Lok Sabha",148579509.11,88000808,59.23,171,23,88.14,60578701.110000014,181,180,1,"N/A"
"CHANDRA SHEKHAR","NAGINA","Uttar Pradesh","Lok Sabha",147000000,87033825,59.21,286,221,56.41,59966175,893,784,109,"N/A"
"Janardan Mishra","REWA","Madhya Pradesh","Lok Sabha",147000000,86935425,59.14,1,106,0.93,60064575,78,76,2,"N/A"
"ADITYA YADAV","BADAUN","Uttar Pradesh","Lok Sabha",147000000,86893966,59.11,41,93,30.6,60106034,189,186,3,"N/A"
"Suresh Kumar Kashyap","SHIMLA","Himachal Pradesh","Lok Sabha",153563957.11,90424211,58.88,83,458,15.34,63139746.110000014,591,586,5,"N/A"
"VIRENDRA SINGH","CHANDAULI","Uttar Pradesh","Lok Sabha",147000000,86345853,58.74,13,19,40.63,60654147,49,45,4,"N/A"
"NALIN SOREN","DUMKA","Jharkhand","Lok Sabha",147364097.11,86550781,58.73,106,319,24.94,60813316.110000014,289,289,0,"N/A"
"LALJI VERMA","AMBEDKAR NAGAR","Uttar Pradesh","Lok Sabha",147000000,86165424,58.62,61,206,22.85,60834576,287,280,7,"N/A"
"Shri Mukul Wasnik (2022-28)","Sitting Rajya Sabha","Rajasthan","Rajya Sabha",196063957.11,114656779.01,58.48,94,79,54.34,81407178.10000001,455,451,4,"N/A"
"Jai Prakash","HARDOI","Uttar Pradesh","Lok Sabha",147000000,85755277,58.34,3,21,12.5,61244723,47,47,0,"N/A"
"RAMBHUAL NISHAD","SULTANPUR","Uttar Pradesh","Lok Sabha",151231957.11,87473694,57.84,6,44,12,63758263.110000014,26,25,1,"N/A"
"ALFRED KANNGAM S ARTHUR","OUTER MANIPUR","Manipur","Lok Sabha",147000000,84951963,57.79,15,21,41.67,62048037,72,72,0,"N/A"
"Shri Pradip Kumar Varma (2024-30)","Sitting Rajya Sabha","Jharkhand","Rajya Sabha",178564551.09,101069118,56.6,24,213,10.13,77495433.09,244,242,2,"N/A"
"Durga Das Uikey ","BETUL","Madhya Pradesh","Lok Sabha",151569502.91,85636977,56.5,288,210,57.83,65932525.91,437,435,2,"N/A"
"Shri P. Chidambaram (2022-28)","Sitting Rajya Sabha","Tamil Nadu","Rajya Sabha",236312242.52,133481597,56.49,75,69,52.08,102830645.52000001,189,188,1,"N/A"
"TANUJ PUNIA","BARABANKI","Uttar Pradesh","Lok Sabha",148198170.11,83397272,56.27,13,20,39.39,64800898.110000014,30,30,0,"N/A"
"Arvind Dharmapuri","NIZAMABAD","Telangana","Lok Sabha",281396355.11,158096817,56.18,476,440,51.97,123299538.11000001,526,526,0,"N/A"
"DAROGA PRASAD SAROJ","LALGANJ","Uttar Pradesh","Lok Sabha",147000000,82499872,56.12,58,236,19.73,64500128,282,253,29,"N/A"
"Mahesh Sharma","GAUTAM BUDDHA NAGAR","Uttar Pradesh","Lok Sabha",148816284.11,83408358,56.05,68,105,39.31,65407926.110000014,130,126,4,"N/A"
"Dr. Vikramjit Singh Sahney (2022-28)","Sitting Rajya Sabha","Punjab","Rajya Sabha",198656208.57000002,111224375.74,55.99,27,34,44.26,87431832.83000003,348,347,1,"N/A"
"Shri Naresh Bansal (2020-26)","Sitting Rajya Sabha","Uttarakhand","Rajya Sabha",222043184.71,124316327,55.99,106,132,44.54,97726857.71000001,215,212,3,"N/A"
"V S Matheswaran","NAMAKKAL","Tamil Nadu","Lok Sabha",162539930.11,90580955,55.73,140,65,68.29,71958975.11000001,141,141,0,"N/A"
"K Subbarayan","TIRUPPUR","Tamil Nadu","Lok Sabha",147000000,81901423,55.72,65,53,55.08,65098577,75,75,0,"N/A"
"Gyaneshwar Patil","KHANDWA","Madhya Pradesh","Lok Sabha",155690684.77,86443874,55.52,164,206,44.32,69246810.77000001,471,458,13,"N/A"
"CHANDAN CHAUHAN","BIJNOR","Uttar Pradesh","Lok Sabha",147000000,81527459,55.46,14,102,12.07,65472541,212,189,23,"N/A"
"Shri Meda Raghunadha Reddy (2024-30)","Sitting Rajya Sabha","Andhra Pradesh","Rajya Sabha",147000000,81390969,55.37,111,138,44.58,65609031,138,131,7,"N/A"
"DEVESH SHAKYA","ETAH","Uttar Pradesh","Lok Sabha",147000000,81351075,55.34,220,118,65.09,65648925,581,581,0,"N/A"
"SHASHANK MANI","DEORIA","Uttar Pradesh","Lok Sabha",147000000,80936917,55.06,45,81,35.71,66063083,142,135,7,"N/A"
"Shri Narendra Modi","VARANASI","Uttar Pradesh","Lok Sabha",162070276.11,89119541,54.99,192,24,88.89,72950735.11000001,192,155,37,"N/A"
"MALVINDER SINGH KANG","ANANDPUR SAHIB","Punjab","Lok Sabha",147000000,80624799,54.85,109,266,29.07,66375201,792,752,40,"N/A"
"TARIQ ANWAR","KATIHAR","Bihar","Lok Sabha",147000000,79735060,54.24,60,26,69.77,67264940,82,82,0,"N/A"
"Shri Rwngwra Narzary (2022-28)","Sitting Rajya Sabha","Assam","Rajya Sabha",220563957.11,119437440,54.15,17,149,10.24,101126517.11000001,176,174,2,"N/A"
"Vijay Kumar Dubey","KUSHI NAGAR","Uttar Pradesh","Lok Sabha",148900000,80256423,53.9,132,107,55.23,68643577,324,324,0,"N/A"
"Smt Harsimrat Kaur Badal","BHATINDA","Punjab","Lok Sabha",159775982.39,86041765,53.85,147,223,39.73,73734217.38999999,1497,1411,86,"N/A"
"SAVITRI THAKUR","DHAR","Madhya Pradesh","Lok Sabha",147000000,79075366,53.79,179,160,52.8,67924634,480,477,3,"N/A"
"Shri Nagendra Ray (2023-29)","Sitting Rajya Sabha","West Bengal","Rajya Sabha",171500000,91735859,53.49,2,20,9.09,79764141,14,13,1,"N/A"
"D Ravikumar ","VILUPPURAM","Tamil Nadu","Lok Sabha",197598306.11,105671025,53.48,222,66,77.08,91927281.11000001,234,229,5,"N/A"
"KANWAR SINGH TANWAR","AMROHA","Uttar Pradesh","Lok Sabha",147000000,78135018,53.15,59,45,56.73,68864982,81,81,0,"N/A"
"Vishnu Dayal Ram","PALAMU","Jharkhand","Lok Sabha",158176083.11,83852477,53.01,117,154,43.17,74323606.11000001,333,332,1,"N/A"
"KALI CHARAN MUNDA","KHUNTI","Jharkhand","Lok Sabha",147000000,77772545,52.91,31,274,10.16,69227455,240,240,0,"N/A"
"Shri Vivek K. Tankha (2022-28)","Sitting Rajya Sabha","Madhya Pradesh","Rajya Sabha",220563957.11,116395421,52.77,118,388,23.32,104168536.11000001,633,629,4,"N/A"
"MURASOLI S","THANJAVUR","Tamil Nadu","Lok Sabha",147000000,77333643,52.61,46,42,52.27,69666357,72,69,3,"N/A"
"Shri Anil Firojiya","UJJAIN","Madhya Pradesh","Lok Sabha",147000000,77071399,52.43,152,96,61.29,69928601,289,286,3,"N/A"
"Shri Imran Pratapgarhi (2022-28)","Sitting Rajya Sabha","Maharashtra","Rajya Sabha",196000000,102738277,52.42,53,55,49.07,93261723,75,75,0,"N/A"
"Sasikanth Senthil","TIRUVALLUR","Tamil Nadu","Lok Sabha",171500000,89733784,52.32,87,95,47.8,81766216,134,132,2,"N/A"
"Shankar Lalwani","INDORE","Madhya Pradesh","Lok Sabha",147000000,76896131,52.31,145,157,48.01,70103869,272,272,0,"N/A"
"ANAND BHADAURIYA","DHAURAHRA","Uttar Pradesh","Lok Sabha",147000000,76758938,52.22,132,45,74.58,70241062,360,359,1,"N/A"
"Kalyan Banerjee","SREERAMPUR","West Bengal","Lok Sabha",147000000,76719145,52.19,83,36,69.75,70280855,110,110,0,"N/A"
"Shri Narayanasa K. Bhandage (2024-30)","Sitting Rajya Sabha","Karnataka","Rajya Sabha",147450000,76863625,52.13,87,69,55.77,70586375,164,163,1,"N/A"
"DAGGUMALLA PRASADA RAO","CHITTOOR","Andhra Pradesh","Lok Sabha",147000000,76341346,51.93,111,125,47.03,70658654,156,156,0,"N/A"
"Shri Chunnilal Garasiya (2024-30)","Sitting Rajya Sabha","Rajasthan","Rajya Sabha",147000000,75910578,51.64,24,153,13.56,71089422,178,176,2,"N/A"
"KRISHNA DEVI SHIVSHANKER PATEL","BANDA","Uttar Pradesh","Lok Sabha",147000000,75878699.67,51.62,202,240,45.7,71121300.33,341,329,12,"N/A"
"Mr Gopal Jee Thakur","DARBHANGA","Bihar","Lok Sabha",147000000,75767756,51.54,59,120,32.96,71232244,156,156,0,"N/A"
"RAMESH AWASTHI","KANPUR","Uttar Pradesh","Lok Sabha",147000000,75758324,51.54,48,92,34.29,71241676,98,98,0,"N/A"
"Bidyut Baran Mahato","JAMSHEDPUR","Jharkhand","Lok Sabha",147000000,75745972,51.53,2,176,1.12,71254028,189,189,0,"N/A"
"Shri Pramod Tiwari (2022-28)","Sitting Rajya Sabha","Rajasthan","Rajya Sabha",196063957.11,101024659,51.53,65,66,49.62,95039298.11000001,220,218,2,"N/A"
"DR. RAJ KUMAR CHABBEWAL","HOSHIARPUR","Punjab","Lok Sabha",147000000,75587847,51.42,93,193,32.52,71412153,1262,1254,8,"N/A"
"VINOD KUMAR BIND","BHADOHI","Uttar Pradesh","Lok Sabha",147000000,75517267,51.37,407,137,74.82,71482733,525,418,107,"N/A"
"Ajay Kumar Mandal","BHAGALPUR","Bihar","Lok Sabha",147000000,75252620,51.19,55,19,74.32,71747380,71,71,0,"N/A"
"Shri Harsh Mahajan (2024-30)","Sitting Rajya Sabha","Himachal Pradesh","Rajya Sabha",147000000,75231105,51.18,154,307,33.41,71768895,473,469,4,"N/A"
"UTKARSH VERMA MADHUR","KHERI","Uttar Pradesh","Lok Sabha",147000000,74909150,50.96,347,13,96.39,72090850,699,699,0,"N/A"
"MOHIBBULLAH","RAMPUR","Uttar Pradesh","Lok Sabha",147000000,74744421,50.85,219,117,65.18,72255579,344,300,44,"N/A"
"Pratima Mondal ","JOYNAGAR","West Bengal","Lok Sabha",147000000,74379705,50.6,170,53,76.23,72620295,185,185,0,"N/A"
"Smt. Sonia Gandhi (2024-30)","Sitting Rajya Sabha","Rajasthan","Rajya Sabha",147000000,74225676,50.49,46,82,35.94,72774324,144,141,3,"N/A"
"RAJESH VERMA","KHAGARIA","Bihar","Lok Sabha",147000000,74186362,50.47,67,9,88.16,72813638,69,69,0,"N/A"
"RADHE SHYAM RATHIYA","RAIGARH","Chhattisgarh","Lok Sabha",159706972.09,80350812,50.31,72,66,52.17,79356160.09,212,209,3,"N/A"
"Kalanidhi Veeraswamy","CHENNAI NORTH","Tamil Nadu","Lok Sabha",171500000,86228598,50.28,40,60,40,85271402,58,57,1,"N/A"
"Shri Babubhai Jesangbhai Desai (2023-29)","Sitting Rajya Sabha","Gujarat","Rajya Sabha",171500000,85880425,50.08,137,145,48.58,85619575,172,168,4,"N/A"
"PRABHAKAR REDDY VEMIREDDY","NELLORE","Andhra Pradesh","Lok Sabha",147000000,73610054,50.07,124,32,79.49,73389946,136,135,1,"N/A"
"ABHAY KUMAR SINHA","AURANGABAD","Bihar","Lok Sabha",147000000,73566109,50.04,124,148,45.59,73433891,159,158,1,"N/A"
"ROOP KUMARI CHOUDHARY","MAHASAMUND","Chhattisgarh","Lok Sabha",153035414,76172172,49.77,72,107,40.22,76863242,250,248,2,"N/A"
"Shri Surendra Singh Nagar (2022-28)","Sitting Rajya Sabha","Uttar Pradesh","Rajya Sabha",220563957.11,109500434.16,49.65,98,200,32.89,111063522.95000002,281,272,9,"N/A"
"Gumma Thanuja Rani","ARAKU","Andhra Pradesh","Lok Sabha",149458905.11,74148372,49.61,28,112,20,75310533.11000001,92,86,6,"N/A"
"BIJULI KALITA MEDHI","GUWAHATI","Assam","Lok Sabha",147000000,72761435,49.5,5,145,3.33,74238565,170,165,5,"N/A"
"RAJESH RANJAN ALIAS PAPPU YADAV","PURNEA","Bihar","Lok Sabha",147000000,72622818,49.4,46,125,26.9,74377182,76,76,0,"N/A"
"Bharatsinhji Shankarji Dabhi","PATAN","Gujarat","Lok Sabha",147000000,72505536,49.32,160,174,47.9,74494464,205,198,7,"N/A"
"BALRAM NAIK PORIKA","MAHABUBABAD","Telangana","Lok Sabha",147000000,72320239,49.2,238,122,66.11,74679761,292,292,0,"N/A"
"JAI PARKASH","HISAR","Haryana","Lok Sabha",147000000,72143302,49.08,68,376,15.32,74856698,356,330,26,"N/A"
"RAJA RAM SINGH","KARAKAT","Bihar","Lok Sabha",147000000,71841783,48.87,114,215,34.65,75158217,191,187,4,"N/A"
"KALIPADA SAREN","JHARGRAM","West Bengal","Lok Sabha",147000000,71784126,48.83,40,23,63.49,75215874,49,48,1,"N/A"
"M.K. VISHNUPRASAD","CUDDALORE","Tamil Nadu","Lok Sabha",147000000,71744686,48.81,74,43,63.25,75255314,91,90,1,"N/A"
"Shri Abhishek Banerjee","DIAMOND HARBOUR","West Bengal","Lok Sabha",147000000,71510891,48.65,200,120,62.5,75489109,262,262,0,"N/A"
"Andimuthu Raja","NILGIRIS","Tamil Nadu","Lok Sabha",147000000,71485310,48.63,73,41,64.04,75514690,87,87,0,"N/A"
"AFZAL ANSARI","GHAZIPUR","Uttar Pradesh","Lok Sabha",220500000,107091112,48.57,35,391,8.22,113408888,286,285,1,"N/A"
"Shri Ravi Chandra Vaddiraju (2024-30)","Sitting Rajya Sabha","Telangana","Rajya Sabha",152732534.11,74168159,48.56,107,169,38.77,78564375.11000001,165,162,3,"N/A"
"Kirti Vardhan Singh","GONDA","Uttar Pradesh","Lok Sabha",147000000,71075338,48.35,35,118,22.88,75924662,180,176,4,"N/A"
"Smt. Sudha Murty (2024-30)","Nominated Rajya Sabha","Karnataka","Rajya Sabha",147000000,71000000,48.3,0,10,0,76000000,8,8,0,"N/A"
"Jyotsna Charandas Mahant ","KORBA","Chhattisgarh","Lok Sabha",155153738.11,74709092,48.15,136,174,43.87,80444646.11000001,432,428,4,"N/A"
"Shri Kapil Sibal (2022-28)","Sitting Rajya Sabha","Uttar Pradesh","Rajya Sabha",196063957.11,94339935.12,48.12,64,161,28.44,101724021.99000001,291,279,12,"N/A"
"Prasun Banerjee","HOWRAH","West Bengal","Lok Sabha",147000000,70699743,48.1,136,91,59.91,76300257,158,146,12,"N/A"
"KISHORI LAL","AMETHI","Uttar Pradesh","Lok Sabha",171500000,82481354,48.09,19,32,37.25,89018646,75,71,4,"N/A"
"Rajnath Singh","LUCKNOW","Uttar Pradesh","Lok Sabha",154808797.11,74407887,48.06,31,71,30.39,80400910.11000001,74,71,3,"N/A"
"Mansukhbhai Dhanjibhai Vasava","BHARUCH","Gujarat","Lok Sabha",147000000,70528294,47.98,208,189,52.39,76471706,247,236,11,"N/A"
"RANJIT DUTTA","Sonitpur","Assam","Lok Sabha",147000000,70491912,47.95,24,127,15.89,76508088,341,325,16,"N/A"
"Ashok Kumar Yadav ","MADHUBANI","Bihar","Lok Sabha",147000000,70438959,47.92,81,108,42.86,76561041,132,132,0,"N/A"
"Shri B Y Raghavendra ","SHIMOGA","Karnataka","Lok Sabha",147000000,70428761,47.91,49,213,18.7,76571239,298,296,2,"N/A"
"Smt. Maya Naroliya (2024-30)","Sitting Rajya Sabha","Madhya Pradesh","Rajya Sabha",147000000,70041767,47.65,16,140,10.26,76958233,180,172,8,"N/A"
"PRIYA SAROJ","MACHHLISHAHR","Uttar Pradesh","Lok Sabha",147000000,69805592,47.49,725,669,52.01,77194408,1048,1047,1,"N/A"
"Radha Mohan Singh","PURVI CHAMPARAN","Bihar","Lok Sabha",147000000,69803891,47.49,60,64,48.39,77196109,83,83,0,"N/A"
"Shri G.C. Chandrashekhar (2024-30)","Sitting Rajya Sabha","Karnataka","Rajya Sabha",147000000,69767504,47.46,65,132,32.99,77232496,149,146,3,"N/A"
"AMARSING TISSO","Diphu","Assam","Lok Sabha",147000000,69670509,47.39,41,53,43.62,77329491,192,172,20,"N/A"
"ARUN NEHRU","PERAMBALUR","Tamil Nadu","Lok Sabha",147000000,69561568,47.32,54,28,65.85,77438432,82,81,1,"N/A"
"BALWANT BASWANT WANKHADE","AMRAVATI","Maharashtra","Lok Sabha",198293678,93790658,47.3,51,116,30.54,104503020,120,112,8,"N/A"
"IMRAN MASOOD","SAHARANPUR","Uttar Pradesh","Lok Sabha",147000000,69261651,47.12,51,64,44.35,77738349,79,70,9,"N/A"
"Thirumaa Valavan Thol","CHIDAMBARAM","Tamil Nadu","Lok Sabha",147000000,69102493,47.01,45,35,56.25,77897507,80,79,1,"N/A"
"Dr. Sangeeta Balwant (2024-30)","Sitting Rajya Sabha","Uttar Pradesh","Rajya Sabha",147000000,68851419.5,46.84,2,383,0.52,78148580.5,254,254,0,"N/A"
"DR. HEMANG JOSHI","VADODARA","Gujarat","Lok Sabha",147000000,68589263,46.66,71,134,34.63,78410737,122,120,2,"N/A"
"Shri Brij Lal (2020-26)","Sitting Rajya Sabha","Uttar Pradesh","Rajya Sabha",196063957.11,91370638,46.6,113,37,75.33,104693319.11000001,160,159,1,"N/A"
"Swami Sachchidanandhari Sakshi ji Maharaj ","UNNAO","Uttar Pradesh","Lok Sabha",147000000,68421377,46.55,12,77,13.48,78578623,69,62,7,"N/A"
"Gajendra Singh Patel","KHARGONE","Madhya Pradesh","Lok Sabha",147000000,68143099,46.36,104,232,30.95,78856901,383,381,2,"N/A"
"Shri V. Vijayendra Prasad (2022-28)","Nominated Rajya Sabha","Andhra Pradesh","Rajya Sabha",196063957.11,90827947,46.33,74,121,37.95,105236010.11000001,113,107,6,"N/A"
"Dr. Sarfraz Ahmad (2024-30)","Sitting Rajya Sabha","Jharkhand","Rajya Sabha",178564551.09,82543604,46.23,20,362,5.24,96020947.09,186,156,30,"N/A"
"Shri Gurjeet Singh Aujla","AMRITSAR","Punjab","Lok Sabha",147000000,67639837,46.01,91,190,32.38,79360163,329,325,4,"N/A"
"Shri Hanuman Beniwal","NAGAUR","Rajasthan","Lok Sabha",147000000,67502015,45.92,177,73,70.8,79497985,316,315,1,"N/A"
"SURENDRA PRASAD YADAV","JAHANABAD","Bihar","Lok Sabha",155325714,71115717,45.78,142,161,46.86,84209997,203,199,4,"N/A"
"Smt. Sulata Deo (2022-28)","Sitting Rajya Sabha","Odisha","Rajya Sabha",196084721.4,89713285,45.75,115,200,36.51,106371436.4,305,302,3,"N/A"
"Shri Harbhajan Singh (2022-28)","Sitting Rajya Sabha","Punjab","Rajya Sabha",220984094.27,101056126.52,45.73,77,120,39.09,119927967.75000001,530,523,7,"N/A"
"Anurag Sharma ","JHANSI","Uttar Pradesh","Lok Sabha",147000000,67201462,45.72,85,77,52.47,79798538,242,235,7,"N/A"
"ANAND KUMAR","BAHRAICH","Uttar Pradesh","Lok Sabha",147000000,66987751,45.57,32,79,28.83,80012249,102,102,0,"N/A"
"Shatrughan Sinha","ASANSOL","West Bengal","Lok Sabha",147000000,66966504,45.56,5,27,15.63,80033496,20,20,0,"N/A"
"SANJNA JATAV","BHARATPUR","Rajasthan","Lok Sabha",147000000,66932558.1,45.53,76,169,31.02,80067441.9,733,713,20,"N/A"
"RAJEEV BHARDWAJ","KANGRA","Himachal Pradesh","Lok Sabha",179388967.11,81653389,45.52,207,421,32.96,97735578.11000001,657,648,9,"N/A"
"Prof. Manoj Kumar Jha (2024-30)","Sitting Rajya Sabha","Bihar","Rajya Sabha",191620112.11,87200986,45.51,110,66,62.5,104419126.11000001,111,111,0,"N/A"
"DURAI VAIKO","TIRUCHIRAPPALLI","Tamil Nadu","Lok Sabha",147000000,66737879,45.4,45,35,56.25,80262121,59,53,6,"N/A"
"ARUN GOVIL","MEERUT","Uttar Pradesh","Lok Sabha",147000000,66737649,45.4,36,196,15.52,80262351,172,169,3,"N/A"
"K. RAJASHEKAR BASAVARAJ HITNAL","KOPPAL","Karnataka","Lok Sabha",147000000,66577182,45.29,67,126,34.72,80422818,200,199,1,"N/A"
"Kripanath Mallah","KARIMGANJ","Assam","Lok Sabha",147000000,66488500,45.23,0,94,0,80511500,116,116,0,"N/A"
"RAJEEV RAI","GHOSI","Uttar Pradesh","Lok Sabha",147000000,66462043,45.21,108,164,39.71,80537957,311,309,2,"N/A"
"UMMEDA RAM BENIWAL","BARMER","Rajasthan","Lok Sabha",147000000,66028772,44.92,96,88,52.17,80971228,188,186,2,"N/A"
"BRIJMOHAN AGRAWAL","RAIPUR","Chhattisgarh","Lok Sabha",153766451.11,68756217,44.71,38,126,23.17,85010234.11000001,168,165,3,"N/A"
"C R Patil","NAVSARI","Gujarat","Lok Sabha",158532494.36,70852870,44.69,268,140,65.69,87679624.36000001,281,262,19,"N/A"
"RAHUL SINGH LODHI","DAMOH","Madhya Pradesh","Lok Sabha",163058785.37,72714957,44.59,176,123,58.86,90343828.37,342,341,1,"N/A"
"Dr. Anil Sukhdeorao Bonde (2022-28)","Sitting Rajya Sabha","Maharashtra","Rajya Sabha",196063957.11,86399726,44.07,50,135,27.03,109664231.11000001,84,79,5,"N/A"
"Shri Naveen Jain (2024-30)","Sitting Rajya Sabha","Uttar Pradesh","Rajya Sabha",147000000,64773227,44.06,10,158,5.95,82226773,94,94,0,"N/A"
"Shri  Dharambir Singh","BHIWANI MAHENDRAGARH","Haryana","Lok Sabha",147000000,64666803,43.99,103,103,50,82333197,186,177,9,"N/A"
"UJJWAL RAMAN SINGH","ALLAHABAD","Uttar Pradesh","Lok Sabha",147000000,64478327,43.86,3,28,9.68,82521673,67,59,8,"N/A"
"Shri Deepak (Dev) Adhikari ","GHATAL","West Bengal","Lok Sabha",200747364,87788715,43.73,165,40,80.49,112958649,176,176,0,"N/A"
"RAJ KUMAR ROAT","BANSWARA","Rajasthan","Lok Sabha",147000000,63682021,43.32,23,93,19.83,83317979,125,121,4,"N/A"
"MAHESH KASHYAP","BASTAR","Chhattisgarh","Lok Sabha",147000000,63670367.5,43.31,38,168,18.45,83329632.5,194,188,6,"N/A"
"Sunil Kumar ","VALMIKI NAGAR","Bihar","Lok Sabha",147000000,63664429,43.31,79,179,30.62,83335571,87,87,0,"N/A"
"JOYANTA BASUMATARY","KOKRAJHAR","Assam","Lok Sabha",147000000,63280971,43.05,20,109,15.5,83719029,82,79,3,"N/A"
"ALOK SHARMA","BHOPAL","Madhya Pradesh","Lok Sabha",147000000,63242243,43.02,22,68,24.44,83757757,85,84,1,"N/A"
"CHAMALA KIRAN KUMAR REDDY","BHONGIR","Telangana","Lok Sabha",147000000,62689273,42.65,417,78,84.24,84310727,434,434,0,"N/A"
"YADUVEER KRISHNADATTA CHAMARAJA WADIYAR","MYSORE","Karnataka","Lok Sabha",147000000,62346570,42.41,34,148,18.68,84653430,178,177,1,"N/A"
"Smt. Nirmala Sitharaman (2022-28)","Sitting Rajya Sabha","Karnataka","Rajya Sabha",215972051.45,91394660,42.32,7,16,30.43,124577391.44999999,10,7,3,"N/A"
"Devendra Alias Bhole Singh","AKBARPUR","Uttar Pradesh","Lok Sabha",147000000,62000186,42.18,62,86,41.89,84999814,98,98,0,"N/A"
"Kakoli Ghosh Dastidar ","BARASAT","West Bengal","Lok Sabha",147000000,61929956,42.13,77,108,41.62,85070044,100,100,0,"N/A"
"Santosh Pandey","RAJNANDGAON","Chhattisgarh","Lok Sabha",147000000,61685349,41.96,72,105,40.68,85314651,250,244,6,"N/A"
"JITAN RAM MANJHI","GAYA","Bihar","Lok Sabha",147000000,61586729,41.9,152,108,58.46,85413271,191,187,4,"N/A"
"Mala Roy ","KOLKATA DAKSHIN","West Bengal","Lok Sabha",147000000,61582788,41.89,32,43,42.67,85417212,65,64,1,"N/A"
"LUMBARAM","JALORE","Rajasthan","Lok Sabha",147000000,61556876,41.88,77,102,43.02,85443124,610,609,1,"N/A"
"SHOBHA KARANDLAJE","BANGALORE NORTH","Karnataka","Lok Sabha",147000000,61473509,41.82,21,93,18.42,85526491,104,104,0,"N/A"
"CHINTAMANI MAHARAJ","SARGUJA","Chhattisgarh","Lok Sabha",147000000,61420121,41.78,70,260,21.21,85579879,372,365,7,"N/A"
"NAVEEN JINDAL","KURUKSHETRA","Haryana","Lok Sabha",147000000,61262363,41.68,113,88,56.22,85737637,257,255,2,"N/A"
"DHARMENDRA YADAV","AZAMGARH","Uttar Pradesh","Lok Sabha",147000000,61248647,41.67,16,52,23.53,85751353,53,48,5,"N/A"
"Shri Samirul Islam (2023-29)","Sitting Rajya Sabha","West Bengal","Rajya Sabha",171500000,71238651,41.54,0,57,0,100261349,17,17,0,"N/A"
"BHARATBHAI MANUBHAI SUTARIYA","AMRELI","Gujarat","Lok Sabha",147000000,60836765,41.39,154,171,47.38,86163235,184,182,2,"N/A"
"SANATAN PANDEY","BALLIA","Uttar Pradesh","Lok Sabha",180420041.4,74595388,41.35,62,293,17.46,105824653.4,231,229,2,"N/A"
"Shri Derek O' Brien (2023-29)","Sitting Rajya Sabha","West Bengal","Rajya Sabha",171500000,70787264,41.28,0,35,0,100712736,16,16,0,"N/A"
"BASAVARAJ BOMMAI","HAVERI","Karnataka","Lok Sabha",147000000,60561447,41.2,19,143,11.73,86438553,172,166,6,"N/A"
"MANI. A.","DHARAMAPURI","Tamil Nadu","Lok Sabha",164515071.11,67070637,40.77,63,310,16.89,97444434.11000001,127,127,0,"N/A"
"BALYA MAMA SURESH GOPINATH MHATRE","BHIWANDI","Maharashtra","Lok Sabha",147000000,59848620,40.71,11,153,6.71,87151380,74,70,4,"N/A"
"BHUPENDER YADAV","ALWAR","Rajasthan","Lok Sabha",147000000,59638968,40.57,31,43,41.89,87361032,68,67,1,"N/A"
"CHANDUBHAI CHHAGANBHAI SHIHORA","SURENDRANAGAR","Gujarat","Lok Sabha",147000000,59546562,40.51,100,109,47.85,87453438,211,208,3,"N/A"
"Ms. Dola Sen (2023-29)","Sitting Rajya Sabha","West Bengal","Rajya Sabha",171500000,69414332,40.47,1,26,3.7,102085668,20,20,0,"N/A"
"DAMODAR AGARWAL","BHILWARA","Rajasthan","Lok Sabha",147000000,59365927,40.38,104,146,41.6,87634073,854,785,69,"N/A"
"DEEPENDER SINGH HOODA","ROHTAK","Haryana","Lok Sabha",147000000,59066490,40.18,70,107,39.55,87933510,148,144,4,"N/A"
"JOBA MAJHI","SINGHBHUM","Jharkhand","Lok Sabha",147000000,59054467,40.17,0,118,0,87945533,127,127,0,"N/A"
"Rahul Kaswan","CHURU","Rajasthan","Lok Sabha",147000000,58906024,40.07,37,216,14.62,88093976,541,515,26,"N/A"
"Adv Dean Kuriakose","IDUKKI","Kerala","Lok Sabha",147000000,58754261,39.97,95,94,50.26,88245739,116,114,2,"N/A"
"Vijay Baghel","DURG","Chhattisgarh","Lok Sabha",147000000,58735103,39.96,70,144,32.71,88264897,249,243,6,"N/A"
"Smt Himadri Singh","SHAHDOL","Madhya Pradesh","Lok Sabha",150724861.11,60185831,39.93,45,123,26.79,90539030.11000001,187,165,22,"N/A"
"SHREYAS. M. PATEL","HASSAN","Karnataka","Lok Sabha",147000000,58673951,39.91,31,173,15.2,88326049,181,174,7,"N/A"
"Sunil Dattatray Tatkare","RAIGAD","Maharashtra","Lok Sabha",147000000,58660128,39.9,18,44,29.03,88339872,73,73,0,"N/A"
"Mitesh Rameshbhai Bakabhai Patel","ANAND","Gujarat","Lok Sabha",147000000,58453147,39.76,247,276,47.23,88546853,295,283,12,5
"Kanimozhi Karunanidhi","THOOTHUKKUDI","Tamil Nadu","Lok Sabha",147000000,58344698,39.69,12,41,22.64,88655302,34,33,1,"N/A"
"DR C N MANJUNATH","BANGALORE RURAL","Karnataka","Lok Sabha",147000000,58172695,39.57,64,181,26.12,88827305,188,181,7,"N/A"
"SUDAMA PRASAD","ARRAH","Bihar","Lok Sabha",147000000,57716958,39.26,66,153,30.14,89283042,86,86,0,"N/A"
"Saumitra khan ","BISHNUPUR","West Bengal","Lok Sabha",147000000,57558347,39.16,48,34,58.54,89441653,52,49,3,"N/A"
"BRIJENDRA SINGH OLA","JHUNJHUNU","Rajasthan","Lok Sabha",147000000,57494662,39.11,94,73,56.29,89505338,450,447,3,"N/A"
"DR. PRABHA MALLIKARJUN","DAVANAGERE","Karnataka","Lok Sabha",147000000,57444696,39.08,5,92,5.15,89555304,90,84,6,"N/A"
"Pradan Baruah","LAKHIMPUR","Assam","Lok Sabha",147000000,57288718,38.97,33,115,22.3,89711282,179,174,5,"N/A"
"Mala Rajya Laxmi Shah ","TEHRI GARHWAL","Uttarakhand","Lok Sabha",147000000,57285791,38.97,84,155,35.15,89714209,371,367,4,"N/A"
"Dr. Dinesh Sharma (2023-26)","Sitting Rajya Sabha","Uttar Pradesh","Rajya Sabha",147000000,57084177,38.83,2,89,2.2,89915823,63,61,2,"N/A"
"GURMEET SINGH MEET HAYER","SANGRUR","Punjab","Lok Sabha",147000000,57080005,38.83,154,244,38.69,89919995,660,633,27,"N/A"
"SUKHJINDER SINGH RANDHAWA","GURDASPUR","Punjab","Lok Sabha",147000000,56807613,38.64,90,248,26.63,90192387,400,395,5,"N/A"
"Shri Jual Oram","SUNDARGARH","Odisha","Lok Sabha",173096756.91,66763914,38.57,89,111,44.5,106332842.91,278,250,28,"N/A"
"Ravi Shankar Prasad","PATNA SAHIB","Bihar","Lok Sabha",147000000,56647683,38.54,60,25,70.59,90352317,66,66,0,"N/A"
"Parvatagouda Chandanagouda Gaddigoudar","BAGALKOT","Karnataka","Lok Sabha",167541747.11,64488186,38.49,92,133,40.89,103053561.11000001,237,231,6,"N/A"
"Shri NK Premachandran","KOLLAM","Kerala","Lok Sabha",171477994.11,65801960,38.37,47,149,23.98,105676034.11000001,106,105,1,"N/A"
"Shri Sanjay Seth (2024-30)","Sitting Rajya Sabha","Uttar Pradesh","Rajya Sabha",147000000,56357801,38.34,19,40,32.2,90642199,48,46,2,"N/A"
"RAMASHANKAR RAJBHAR","SALEMPUR","Uttar Pradesh","Lok Sabha",160056927.07,61281620,38.29,84,230,26.75,98775307.07,263,241,22,"N/A"
"Devusinh Jesingbhai Chauhan","KHEDA","Gujarat","Lok Sabha",147000000,56232548,38.25,247,366,40.29,90767452,301,292,9,"N/A"
"PUSHPENDRA SAROJ","KAUSHAMBI","Uttar Pradesh","Lok Sabha",147000000,56198890,38.23,607,1977,23.49,90801110,907,833,74,"N/A"
"Shri Neeraj Shekhar (2020-26)","Sitting Rajya Sabha","Uttar Pradesh","Rajya Sabha",236483662.11,90266672,38.17,41,286,12.54,146216990.11,176,176,0,"N/A"
"Rajeshbhai Naranbhai Chudasama","JUNAGADH","Gujarat","Lok Sabha",147000000,56040284,38.12,152,193,44.06,90959716,176,171,5,"N/A"
"JYOTIRADITYA M. SCINDIA","GUNA","Madhya Pradesh","Lok Sabha",147000000,55870850,38.01,46,17,73.02,91129150,99,97,2,"N/A"
"Sanjay Kumar Bandi","KARIMNAGAR","Telangana","Lok Sabha",172775317.11,65663959,38.01,171,464,26.93,107111358.11000001,307,305,2,"N/A"
"TOKHAN SAHU","BILASPUR","Chhattisgarh","Lok Sabha",147000000,55824852,37.98,41,90,31.3,91175148,158,152,6,"N/A"
"ARUP CHAKRABORTY","BANKURA","West Bengal","Lok Sabha",147000000,55795450,37.96,40,30,57.14,91204550,42,42,0,"N/A"
"ROBERT BRUCE C","TIRUNELVELI","Tamil Nadu","Lok Sabha",147475440.11,55819028,37.85,60,82,42.25,91656412.11000001,73,73,0,"N/A"
"Kangana Ranaut","MANDI","Himachal Pradesh","Lok Sabha",147000000,55608905,37.83,72,244,22.78,91391095,387,311,76,"N/A"
"ANITA NAGARSINGH CHOUHAN","RATLAM","Madhya Pradesh","Lok Sabha",147000000,55091448,37.48,76,127,37.44,91908552,228,226,2,"N/A"
"Shri Chandra Prakash Choudhary","GIRIDIH","Jharkhand","Lok Sabha",147000000,55034366,37.44,49,625,7.27,91965634,301,266,35,"N/A"
"Smt Dimple Yadav","MAINPURI","Uttar Pradesh","Lok Sabha",192042469.11,71873231,37.43,53,111,32.32,120169238.11000001,149,125,24,"N/A"
"GM Harish Balayogi","AMALAPURAM","Andhra Pradesh","Lok Sabha",147000000,54891857,37.34,41,68,37.61,92108143,68,66,2,"N/A"
"Kani K Navas","RAMANATHAPURAM","Tamil Nadu","Lok Sabha",147000000,54855096,37.32,68,42,61.82,92144904,86,84,2,"N/A"
"BUNTY VIVEK SAHU","CHHINDWARA","Madhya Pradesh","Lok Sabha",147000000,54779603,37.27,100,376,21.01,92220397,444,437,7,"N/A"
"Shri Anil Kumar Yadav Mandadi (2024-30)","Sitting Rajya Sabha","Telangana","Rajya Sabha",147000000,54363174,36.98,71,35,66.98,92636826,73,73,0,"N/A"
"DULU MAHATO","DHANBAD","Jharkhand","Lok Sabha",147000000,54335005,36.96,57,351,13.97,92664995,290,269,21,"N/A"
"RAVINDRA DATTARAM WAIKAR","MUMBAI NORTH WEST","Maharashtra","Lok Sabha",147000000,53799122,36.6,0,67,0,93200878,24,20,4,"N/A"
"Thalikkottai Rajuthevar Baalu","SRIPERUMBUDUR","Tamil Nadu","Lok Sabha",196905535.11,71998395,36.56,63,63,50,124907140.11000001,90,90,0,"N/A"
"Dr. Ajeet Madhavrao Gopchade (2024-30)","Sitting Rajya Sabha","Maharashtra","Rajya Sabha",147000000,53532752,36.42,44,48,47.83,93467248,52,52,0,"N/A"
"CHIRAG PASWAN","HAJIPUR","Bihar","Lok Sabha",147000000,53484547,36.38,47,66,41.59,93515453,56,54,2,"N/A"
"ESWARASAMY K","POLLACHI","Tamil Nadu","Lok Sabha",162315106.11,59028493,36.37,46,35,56.79,103286613.11000001,59,57,2,"N/A"
"Faggan Singh Kulaste","MANDLA","Madhya Pradesh","Lok Sabha",151861648.41,55170668,36.33,31,267,10.4,96690980.41,290,286,4,"N/A"
"DR DHARAMVIRA GANDHI","PATIALA","Punjab","Lok Sabha",147000000,53205652,36.19,58,304,16.02,93794348,1196,1182,14,"N/A"
"BAG MITALI","ARAMBAG","West Bengal","Lok Sabha",147000000,53162451,36.16,87,99,46.77,93837549,100,96,4,"N/A"
"ZIA UR REHMAN","SAMBHAL","Uttar Pradesh","Lok Sabha",147000000,53111753,36.13,0,325,0,93888247,332,270,62,"N/A"
"Shri vijayakumar Vasanth","KANNIYAKUMARI","Tamil Nadu","Lok Sabha",171500000,61773452,36.02,39,62,38.61,109726548,67,64,3,"N/A"
"BIPLAB KUMAR DEB","TRIPURA WEST","Tripura","Lok Sabha",147000000,52876465,35.97,7,25,21.88,94123535,27,26,1,"N/A"
"Ms Mahua Moitra","KRISHNANAGAR","West Bengal","Lok Sabha",159865046,57382120,35.89,21,34,38.18,102482926,49,49,0,"N/A"
"Dr. Syed Naseer Hussain (2024-30)","Sitting Rajya Sabha","Karnataka","Rajya Sabha",147000000,52745755,35.88,3,59,4.84,94254245,44,44,0,"N/A"
"Maddila Gurumoorthy","TIRUPATI","Andhra Pradesh","Lok Sabha",180399007,64637243,35.83,110,181,37.8,115761764,168,149,19,"N/A"
"Shri Ryaga Krishnaiah (2024-28)","Sitting Rajya Sabha","Andhra Pradesh","Rajya Sabha",170413583.79,61002205,35.8,30,39,43.48,109411378.78999999,38,35,3,"N/A"
"Dr. Radha Mohan Das Agrawal (2022-28)","Sitting Rajya Sabha","Uttar Pradesh","Rajya Sabha",203626524.67000002,72382614,35.55,15,30,33.33,131243910.67000002,54,53,1,"N/A"
"CAPTAIN BRIJESH CHOWTA","DAKSHINA KANNADA","Karnataka","Lok Sabha",147000000,52228767,35.53,75,131,36.41,94771233,108,95,13,"N/A"
"RUCHI VIRA","MORADABAD","Uttar Pradesh","Lok Sabha",147000000,52167110,35.49,165,108,60.44,94832890,559,559,0,"N/A"
"AASHTIKAR PATIL NAGESH BAPURAO","HINGOLI","Maharashtra","Lok Sabha",190289442,67522042,35.48,38,78,32.76,122767400,68,68,0,"N/A"
"BHUMARE SANDIPANRAO ASARAM","AURANGABAD","Maharashtra","Lok Sabha",147000000,52095352,35.44,27,65,29.35,94904648,38,36,2,"N/A"
"Smt Anupriya Patel","MIRZAPUR","Uttar Pradesh","Lok Sabha",147000000,51732584,35.19,0,10,0,95267416,10,10,0,"N/A"
"HARIBHAI PATEL","MAHESANA","Gujarat","Lok Sabha",147000000,51381778,34.95,150,470,24.19,95618222,269,261,8,"N/A"
"NARAYAN DAS AHIRWAR","JALAUN","Uttar Pradesh","Lok Sabha",147000000,51218010.8,34.84,36,331,9.81,95781989.2,292,289,3,1
"Vinod Chavda","KACHCHH","Gujarat","Lok Sabha",147000000,51201603,34.83,98,270,26.63,95798397,127,119,8,"N/A"
"MALVIKA DEVI","KALAHANDI","Odisha","Lok Sabha",147000000,51104998,34.77,96,224,30,95895002,131,130,1,"N/A"
"KALI CHARAN SINGH","CHATRA","Jharkhand","Lok Sabha",147000000,51084747,34.75,75,436,14.68,95915253,296,265,31,"N/A"
"ANUP SANJAY DHOTRE","AKOLA","Maharashtra","Lok Sabha",147000000,51045667,34.72,41,59,41,95954333,69,67,2,"N/A"
"Shri S. Selvaganabathy (2021-27)","Sitting Rajya Sabha","Puducherry","Rajya Sabha",292881856.49,101658946,34.71,31,72,30.1,191222910.49,92,79,13,"N/A"
"Alok Kumar Suman","GOPALGANJ","Bihar","Lok Sabha",147000000,50920280,34.64,43,112,27.74,96079720,56,56,0,"N/A"
"Ajay Bhatt","NAINITAL UDHAM SINGH NAG.","Uttarakhand","Lok Sabha",147000000,50876503,34.61,85,384,18.12,96123497,914,884,30,"N/A"
"IQRA CHOUDHARY","KAIRANA","Uttar Pradesh","Lok Sabha",147000000,50723960,34.51,45,47,48.91,96276040,62,55,7,"N/A"
"SHOBHANABEN MAHENDRASINH BARAIYA","SABARKANTHA","Gujarat","Lok Sabha",147000000,50680570,34.48,122,157,43.73,96319430,143,136,7,"N/A"
"SELVARAJ V","NAGAPATTINAM","Tamil Nadu","Lok Sabha",147000000,50673389,34.47,45,39,53.57,96326611,61,61,0,"N/A"
"SUNIL BOSE","CHAMARAJANAGAR","Karnataka","Lok Sabha",147000000,50427615,34.3,23,87,20.91,96572385,96,96,0,"N/A"
"S Venkatesan","MADURAI","Tamil Nadu","Lok Sabha",147000000,50415867,34.3,46,81,36.22,96584133,73,69,4,"N/A"
"Shri Sanjay Raut (2022-28)","Sitting Rajya Sabha","Maharashtra","Rajya Sabha",196063957.11,67167846,34.26,6,69,8,128896111.11000001,29,29,0,"N/A"
"SAYANI GHOSH","JADAVPUR","West Bengal","Lok Sabha",147000000,49785004,33.87,115,100,53.49,97214996,129,129,0,"N/A"
"Virendra Kumar","TIKAMGARH","Madhya Pradesh","Lok Sabha",147000000,49501421,33.67,12,347,3.34,97498579,219,212,7,"N/A"
"DR BYREDDY SHABARI","NANDYAL","Andhra Pradesh","Lok Sabha",150675889.11,50709419,33.65,70,129,35.18,99966470.11000001,116,116,0,"N/A"
"THANGA TAMILSELVAN","THENI","Tamil Nadu","Lok Sabha",147000000,49328291,33.56,24,72,25,97671709,56,50,6,"N/A"
"Shri Akhilesh Prasad Singh (2024-30)","Sitting Rajya Sabha","Bihar","Rajya Sabha",186200000,62309563,33.46,38,20,65.52,123890437,50,48,2,"N/A"
"Shri Jairam Ramesh (2022-28)","Sitting Rajya Sabha","Karnataka","Rajya Sabha",220563957.11,73253485,33.21,18,109,14.17,147310472.11,78,78,0,"N/A"
"Smt S Jothimani","KARUR","Tamil Nadu","Lok Sabha",147000000,48511702,33,87,90,49.15,98488298,102,100,2,"N/A"
"Dr. Kalpana Saini (2022-28)","Sitting Rajya Sabha","Uttarakhand","Rajya Sabha",200830405.8,66206094,32.97,58,131,30.69,134624311.8,162,152,10,"N/A"
"CAPTAIN VIRIATO FERNANDES","SOUTH GOA","Goa","Lok Sabha",147000000,48358008,32.9,47,86,35.34,98641992,78,78,0,"N/A"
"AJENDRA SINGH LODHI","HAMIRPUR","Uttar Pradesh","Lok Sabha",147000000,48355823,32.9,19,172,9.95,98644177,104,85,19,"N/A"
"Smt Satabdi Roy (Banerjee)","BIRBHUM","West Bengal","Lok Sabha",147000000,48307379.6,32.86,62,33,65.26,98692620.4,67,67,0,"N/A"
"Jitendra Singh","UDHAMPUR","Jammu And Kashmir","Lok Sabha",147000000,48296699,32.85,187,139,57.36,98703301,221,217,4,"N/A"
"Ganesh Singh","SATNA","Madhya Pradesh","Lok Sabha",147000000,47976283,32.64,77,241,24.21,99023717,226,178,48,"N/A"
"Bhagirath Chaudhary","AJMER","Rajasthan","Lok Sabha",147000000,47949704,32.62,58,97,37.42,99050296,644,528,116,"N/A"
"Smt Sajda Ahmed","ULUBERIA","West Bengal","Lok Sabha",147000000,47622814,32.4,92,82,52.87,99377186,113,109,4,"N/A"
"BABU SINGH KUSHWAHA","JAUNPUR","Uttar Pradesh","Lok Sabha",147000000,47327917,32.2,522,164,76.09,99672083,652,529,123,"N/A"
"Smt. Sagarika Ghose (2024-30)","Sitting Rajya Sabha","West Bengal","Rajya Sabha",147000000,47289873,32.17,0,13,0,99710127,16,16,0,"N/A"
"Shri Janardan Singh Sigriwal ","MAHARAJGANJ","Bihar","Lok Sabha",147000000,47230253,32.13,18,56,24.32,99769747,45,43,2,"N/A"
"Shri Damodar Rao Divakonda (2022-28)","Sitting Rajya Sabha","Telangana","Rajya Sabha",239919406.11,77052481,32.12,110,185,37.29,162866925.11,195,194,1,"N/A"
"RAKIBUL HUSSAIN","DHUBRI","Assam","Lok Sabha",147000000,47053373,32.01,25,154,13.97,99946627,140,135,5,"N/A"
"DR.MALLU RAVI","NAGARKURNOOL","Telangana","Lok Sabha",147000000,47000729,31.97,143,84,63,99999271,156,156,0,"N/A"
"S. Jagathrakshakan","ARAKKONAM","Tamil Nadu","Lok Sabha",180589332.34,57167418,31.66,34,129,20.86,123421914.34,67,52,15,"N/A"
"Sudip Bandyopadhyay","KOLKATA UTTAR","West Bengal","Lok Sabha",147000000,46311063,31.5,9,28,24.32,100688937,31,31,0,"N/A"
"Midhun Reddy","RAJAMPET","Andhra Pradesh","Lok Sabha",178951477.11,56264747,31.44,181,311,36.79,122686730.11000001,232,206,26,"N/A"
"H.D. KUMARASWAMY","MANDYA","Karnataka","Lok Sabha",147000000,46075000,31.34,7,140,4.76,100925000,130,117,13,"N/A"
"Kinjarapu Ram Mohan Naidu","SRIKAKULAM","Andhra Pradesh","Lok Sabha",171200630.11,53576961,31.29,60,155,27.91,117623669.11000001,102,101,1,"N/A"
"Shri Randeep Singh Surjewala (2022-28)","Sitting Rajya Sabha","Rajasthan","Rajya Sabha",196063957.11,61282096,31.26,55,95,36.67,134781861.11,279,237,42,"N/A"
"GOVIND MAKTHAPPA KARJOL","CHITRADURGA","Karnataka","Lok Sabha",147000000,45912871,31.23,19,203,8.56,101087129,124,107,17,"N/A"
"RAJABHAU","NASHIK","Maharashtra","Lok Sabha",152878682.11,47487714,31.06,21,89,19.09,105390968.11000001,50,45,5,"N/A"
"DR. S P SINGH","PRATAPGARH","Uttar Pradesh","Lok Sabha",147000000,45621617,31.04,106,494,17.67,101378383,159,107,52,"N/A"
"Kaushalendra Kumar","NALANDA","Bihar","Lok Sabha",147000000,45509064,30.96,92,79,53.8,101490936,97,92,5,"N/A"
"AMBICA G LAKSHMINARAYANA VALMIKI","ANANTAPUR","Andhra Pradesh","Lok Sabha",201899064.11,62202871,30.81,42,114,26.92,139696193.11,81,79,2,"N/A"
"B K PARTHASARATHI","HINDUPUR","Andhra Pradesh","Lok Sabha",160491894.11,49297701,30.72,52,40,56.52,111194193.11000001,66,64,2,"N/A"
"Shri S.R. Sivalingam (2025-31)","Sitting Rajya Sabha","Tamil Nadu","Rajya Sabha",89248285.42,27371677,30.67,24,30,44.44,61876608.42,25,25,0,"N/A"
"Shri Mohammed Nadimul Haque (2024-30)","Sitting Rajya Sabha","West Bengal","Rajya Sabha",147000000,45077861,30.67,1,18,5.26,101922139,16,16,0,"N/A"
"HARENDRA SINGH MALIK","MUZAFFARNAGAR","Uttar Pradesh","Lok Sabha",147000000,45077485,30.66,32,189,14.48,101922515,140,121,19,"N/A"
"Smt. Mamata Thakur (2024-30)","Sitting Rajya Sabha","West Bengal","Rajya Sabha",147000000,44446422,30.24,51,9,85,102553578,55,55,0,"N/A"
"Shri Abdul Wahab (2021-27)","Sitting Rajya Sabha","Kerala","Rajya Sabha",310898953.29,93760670,30.16,120,248,32.61,217138283.29000002,164,163,1,"N/A"
"K. C VENUGOPAL","ALAPPUZHA","Kerala","Lok Sabha",147000000,44331588,30.16,37,52,41.57,102668412,67,67,0,"N/A"
"Vellalath Kochukrishnan Nair Sreekandan","PALAKKAD","Kerala","Lok Sabha",167807990.11,50584788,30.14,98,107,47.8,117223202.11000001,127,125,2,1
"ARUNA. D. K","MAHABUBNAGAR","Telangana","Lok Sabha",147000000,44232038,30.09,127,196,39.32,102767962,153,153,0,"N/A"
"Raju Bista","DARJEELING","West Bengal","Lok Sabha",147000000,43617451,29.67,78,91,46.15,103382549,92,92,0,"N/A"
"Shri Amar Singh","FATEHGARH SAHIB","Punjab","Lok Sabha",147000000,43594811,29.66,61,291,17.33,103405189,528,523,5,"N/A"
"LOVELY ANAND","SHEOHAR","Bihar","Lok Sabha",147000000,43561211,29.63,25,65,27.78,103438789,39,37,2,"N/A"
"GANAPATHY RAJKUMAR P","COIMBATORE","Tamil Nadu","Lok Sabha",147370490.11,43662823,29.63,7,100,6.54,103707667.11000001,45,43,2,"N/A"
"Putta Mahesh Kumar","ELURU","Andhra Pradesh","Lok Sabha",147000000,43504398,29.59,54,59,47.79,103495602,69,68,1,"N/A"
"KOTA SRINIVAS POOJARY","UDUPI CHIKMAGALUR","Karnataka","Lok Sabha",147000000,43315077,29.47,51,269,15.94,103684923,118,102,16,"N/A"
"GOPINATH K","KRISHNAGIRI","Tamil Nadu","Lok Sabha",147000000,42753233,29.08,36,60,37.5,104246767,57,56,1,"N/A"
"Dr. Dharmasthala Veerendra Heggade (2022-28)","Nominated Rajya Sabha","Karnataka","Rajya Sabha",196063957.11,56879514,29.01,301,173,63.5,139184443.11,641,632,9,"N/A"
"Shri Pabitra Margherita (2022-28)","Sitting Rajya Sabha","Assam","Rajya Sabha",220563957.11,63765614.44,28.91,5,205,2.38,156798342.67000002,113,110,3,"N/A"
"PHANI BHUSAN CHOUDHURY","BARPETA","Assam","Lok Sabha",147000000,42356247,28.81,3,84,3.45,104643753,105,98,7,"N/A"
"Mahendra Singh Solanky","DEWAS","Madhya Pradesh","Lok Sabha",147000000,42062417,28.61,10,133,6.99,104937583,108,107,1,"N/A"
"Shri Balyogi Umeshnath (2024-30)","Sitting Rajya Sabha","Madhya Pradesh","Rajya Sabha",147000000,42047000,28.6,11,67,14.1,104953000,84,80,4,"N/A"
"Shri Kanad Purkayastha (2025-31)","Sitting Rajya Sabha","Assam","Rajya Sabha",98000000,28001397,28.57,0,50,0,69998603,37,31,6,"N/A"
"JITIN PRASADA","PILIBHIT","Uttar Pradesh","Lok Sabha",147000000,41842816,28.46,22,37,37.29,105157184,106,104,2,"N/A"
"Kamlesh Paswan","BANSGAON","Uttar Pradesh","Lok Sabha",147000000,41808777,28.44,0,125,0,105191223,84,76,8,"N/A"
"SUKANTA KUMAR PANIGRAHI","KANDHAMAL","Odisha","Lok Sabha",190712424.11,54209040,28.42,148,205,41.93,136503384.11,352,347,5,"N/A"
"Dr Shashi Tharoor","THIRUVANANTHAPURAM","Kerala","Lok Sabha",147000000,41754577,28.4,40,74,35.09,105245423,61,61,0,"N/A"
"Dr. Medha Vishram Kulkarni (2024-30)","Sitting Rajya Sabha","Maharashtra","Rajya Sabha",147000000,41737818,28.39,31,76,28.97,105262182,49,49,0,"N/A"
"Jagannath Sarkar","RANAGHAT","West Bengal","Lok Sabha",147000000,41712525,28.38,70,149,31.96,105287475,86,84,2,"N/A"
"Shri Birendra Prasad Baishya (2025-31)","Sitting Rajya Sabha","Assam","Rajya Sabha",98000000,27790330,28.36,1,44,2.22,70209670,26,23,3,"N/A"
"Priyanka Gandhi Vadra","WAYANAD","Kerala","Lok Sabha",122500000,34714501,28.34,11,85,11.46,87785499,39,39,0,"N/A"
"Shri Banshilal Gurjar (2024-30)","Sitting Rajya Sabha","Madhya Pradesh","Rajya Sabha",147000000,41424435,28.18,10,71,12.35,105575565,94,93,1,"N/A"
"Smt. P. T. Usha (2022-28)","Nominated Rajya Sabha","Kerala","Rajya Sabha",196063957.11,55206130,28.16,39,82,32.23,140857827.11,77,76,1,"N/A"
"Shri Rajib Bhattacharjee (2024-28)","Sitting Rajya Sabha","Tripura","Rajya Sabha",122500000,34210580,27.93,18,40,31.03,88289420,39,37,2,"N/A"
"ABHIJIT GANGOPADHYAY","TAMLUK","West Bengal","Lok Sabha",147000000,41051819.78,27.93,74,191,27.92,105948180.22,127,122,5,"N/A"
"Sanjay Haribhau Jadhav","PARBHANI","Maharashtra","Lok Sabha",147000000,40999822,27.89,28,56,33.33,106000178,49,49,0,"N/A"
"Shri LS Tejasvi Surya ","BANGALORE SOUTH","Karnataka","Lok Sabha",147000000,40913804,27.83,25,112,18.25,106086196,51,51,0,"N/A"
"M. MALLESH BABU","KOLAR","Karnataka","Lok Sabha",147065957.11,40766132,27.72,3,73,3.95,106299825.11000001,122,121,1,"N/A"
"GAURAV GOGOI","JORHAT","Assam","Lok Sabha",147000000,40746858,27.72,35,434,7.46,106253142,458,446,12,"N/A"
"Smt Hema Malini","MATHURA","Uttar Pradesh","Lok Sabha",147000000,40721168,27.7,33,55,37.5,106278832,82,82,0,"N/A"
"Nitin Jairam Gadkari","NAGPUR","Maharashtra","Lok Sabha",168195086.11,46558565,27.68,19,48,28.36,121636521.11000001,35,29,6,"N/A"
"PARSHOTTAMBHAI RUPALA","RAJKOT","Gujarat","Lok Sabha",147000000,40630082,27.64,91,214,29.84,106369918,97,90,7,"N/A"
"BASTIPATI NAGARAJU PANCHALINGALA","KURNOOL","Andhra Pradesh","Lok Sabha",159998515.11,44033277,27.52,143,65,68.75,115965238.11000001,145,145,0,"N/A"
"Ravindra Vasantrao Chavan","NANDED","Maharashtra","Lok Sabha",147000000,39838293,27.1,26,114,18.57,107161707,49,47,2,"N/A"
"ATUL GARG","GHAZIABAD","Uttar Pradesh","Lok Sabha",155336470,42043789,27.07,36,41,46.75,113292681,49,43,6,"N/A"
"Dr. M. Dhanapal (2025-31)","Sitting Rajya Sabha","Tamil Nadu","Rajya Sabha",89248285.42,23989964,26.88,27,24,52.94,65258321.42,34,34,0,"N/A"
"KALYAN VAIJINATHRAO KALE","JALNA","Maharashtra","Lok Sabha",147000000,39254291,26.7,19,42,31.15,107745709,41,40,1,"N/A"
"BAPI HALDAR","MATHURAPUR","West Bengal","Lok Sabha",147000000,39006328,26.53,89,80,52.66,107993672,101,100,1,"N/A"
"DR.K.SUDHAKAR","CHIKBALLAPUR","Karnataka","Lok Sabha",147000000,38953975,26.5,18,146,10.98,108046025,138,134,4,"N/A"
"SHIVRAJ SINGH CHOUHAN","VIDISHA","Madhya Pradesh","Lok Sabha",147000000,38851625,26.43,10,97,9.35,108148375,128,128,0,"N/A"
"Y S Avinash Reddy","KADAPA","Andhra Pradesh","Lok Sabha",156430260.11,41232850,26.36,57,243,19,115197410.11000001,89,85,4,"N/A"
"Dr. L. Murugan (2024-30)","Sitting Rajya Sabha","Madhya Pradesh","Rajya Sabha",147000000,38699774,26.33,6,32,15.79,108300226,40,39,1,"N/A"
"MAHIMA KUMARI MEWAR","RAJSAMAND","Rajasthan","Lok Sabha",183892143,48238044,26.23,26,108,19.4,135654099,272,267,5,"N/A"
"JASHUBHAI BHILUBHAI RATHVA","CHHOTA UDAIPUR","Gujarat","Lok Sabha",147000000,38424412,26.14,96,357,21.19,108575588,121,119,2,"N/A"
"SAMBIT PATRA","PURI","Odisha","Lok Sabha",147000000,38354750,26.09,548,182,75.07,108645250,847,847,0,"N/A"
"Dr. Parmar Jashvantsinh Salamsinh (2024-30)","Sitting Rajya Sabha","Gujarat","Rajya Sabha",147000000,38334089,26.08,61,310,16.44,108665911,100,93,7,"N/A"
"ADHIKARI SOUMENDU","KANTHI","West Bengal","Lok Sabha",147000000,38304241,26.06,29,41,41.43,108695759,31,31,0,"N/A"
"Shri A. A. Rahim (2022-28)","Sitting Rajya Sabha","Kerala","Rajya Sabha",220563957.11,56944903,25.82,17,58,22.67,163619054.11,37,36,1,"N/A"
"DEVESH CHANDRA THAKUR","SITAMARHI","Bihar","Lok Sabha",163809205.11,41894417,25.58,119,98,54.84,121914788.11000001,129,129,0,"N/A"
"MUHAMMED HAMDULLAH SAYEED","LAKSHADWEEP","Lakshadweep","Lok Sabha",153942460.41,39337535,25.55,2,26,7.14,114604925.41,20,20,0,"N/A"
"Shri Sandosh Kumar P (2022-28)","Sitting Rajya Sabha","Kerala","Rajya Sabha",220563957.11,55957933,25.37,29,75,27.88,164606024.11,72,71,1,"N/A"
"Abu Taher Khan","MURSHIDABAD","West Bengal","Lok Sabha",147000000,37157978,25.28,172,156,52.44,109842022,183,176,7,"N/A"
"Saptagiri Sankar Ulaka","KORAPUT","Odisha","Lok Sabha",269500000,68050166,25.25,159,416,27.65,201449834,236,231,5,"N/A"
"Annpurna Devi ","KODARMA","Jharkhand","Lok Sabha",166665931.8,42079828,25.25,85,304,21.85,124586103.80000001,146,137,9,"N/A"
"Shri Bhartruhari Mahtab","CUTTACK","Odisha","Lok Sabha",147000000,37017579,25.18,86,397,17.81,109982421,281,269,12,"N/A"
"JUNE MALIAH","MEDINIPUR","West Bengal","Lok Sabha",147000000,36949288,25.14,7,24,22.58,110050712,27,25,2,"N/A"
"DR RAJKUMAR SANGWAN","BAGHPAT","Uttar Pradesh","Lok Sabha",147000000,36662976,24.94,16,103,13.45,110337024,78,77,1,"N/A"
"Smt. Jebi Mather Hisham (2022-28)","Sitting Rajya Sabha","Kerala","Rajya Sabha",220563957.11,54661936,24.78,49,70,41.18,165902021.11,76,75,1,"N/A"
"Shrirang Appa Barne","MAVAL","Maharashtra","Lok Sabha",147000000,36220911,24.64,32,79,28.83,110779089,54,53,1,"N/A"
"KONDA VISHWESHWAR REDDY","CHELVELLA","Telangana","Lok Sabha",233721420.96,57338256,24.53,180,339,34.68,176383164.96,215,214,1,"N/A"
"SATPAL BRAHAMCHARI","SONEPAT","Haryana","Lok Sabha",147000000,35904950,24.43,19,207,8.41,111095050,209,166,43,"N/A"
"Shri Suresh Kodikunnil","MAVELIKKARA","Kerala","Lok Sabha",172429519.11,42019767,24.37,58,133,30.37,130409752.11000001,86,85,1,"N/A"
"GODAM NAGESH","ADILABAD","Telangana","Lok Sabha",147000000,35717086,24.3,80,277,22.41,111282914,142,142,0,"N/A"
"MANNA LAL RAWAT","UDAIPUR","Rajasthan","Lok Sabha",147000000,35624393,24.23,24,183,11.59,111375607,206,169,37,"N/A"
"Jagdambika Pal","DOMARIYAGANJ","Uttar Pradesh","Lok Sabha",160643957.11,38873088,24.2,0,75,0,121770869.11000001,50,50,0,"N/A"
"Shri Ajay Makan (2024-30)","Sitting Rajya Sabha","Karnataka","Rajya Sabha",147000000,35435523,24.11,2,14,12.5,111564477,10,10,0,"N/A"
"DHAVAL LAXMANBHAI PATEL","VALSAD","Gujarat","Lok Sabha",147000000,35423530,24.1,60,173,25.75,111576470,66,65,1,"N/A"
"DR. MANSUKH MANDAVIYA","PORBANDAR","Gujarat","Lok Sabha",147000000,35007268,23.81,72,234,23.53,111992732,87,86,1,"N/A"
"Smt. Rajathi (2025-31)","Sitting Rajya Sabha","Tamil Nadu","Rajya Sabha",89248285.42,21237106,23.8,16,39,29.09,68011179.42,23,20,3,"N/A"
"NABA CHARAN MAJHI","MAYURBHANJ","Odisha","Lok Sabha",147563957.11,34922207,23.67,27,193,12.27,112641750.11000001,77,76,1,"N/A"
"Shri Arjun Ram Meghwal","BIKANER","Rajasthan","Lok Sabha",147000000,34700414,23.61,17,62,21.52,112299586,46,43,3,"N/A"
"R.K. CHAUDHARY","MOHANLALGANJ","Uttar Pradesh","Lok Sabha",147000000,34622708,23.55,14,79,15.05,112377292,83,81,2,"N/A"
"Dr. John Brittas (2021-27)","Sitting Rajya Sabha","Kerala","Rajya Sabha",245063957.11,57506835,23.47,36,108,25,187557122.11,57,57,0,"N/A"
"RACHNA BANERJEE","HOOGHLY","West Bengal","Lok Sabha",147000000,34234471,23.29,36,65,35.64,112765529,54,54,0,"N/A"
"Shri Ghanshyam Tiwari (2022-28)","Sitting Rajya Sabha","Rajasthan","Rajya Sabha",196063957.11,45570943,23.24,30,58,34.09,150493014.11,190,181,9,"N/A"
"AMRINDER SINGH RAJA WARRING","LUDHIANA","Punjab","Lok Sabha",147000000,34113487,23.21,59,187,23.98,112886513,329,326,3,"N/A"
"SUDHA R","MAYILADUTHURAI","Tamil Nadu","Lok Sabha",147332315.11,34186226,23.2,22,127,14.77,113146089.11000001,49,38,11,"N/A"
"BHASKAR MURLIDHAR BHAGARE","DINDORI","Maharashtra","Lok Sabha",147000000,34081627,23.18,19,102,15.7,112918373,37,35,2,"N/A"
"Smt. Phulo Devi Netam (2026-32)","Sitting Rajya Sabha","Chhattisgarh","Rajya Sabha",49000000,11348157,23.16,0,81,0,37651843,18,14,4,"N/A"
"AMRARAM","SIKAR","Rajasthan","Lok Sabha",165691544.11,38165228,23.03,49,122,28.65,127526316.11000001,313,294,19,"N/A"
"CHHATRAPATI SHAHU SHAHAJI","KOLHAPUR","Maharashtra","Lok Sabha",147000000,33696592,22.92,22,79,21.78,113303408,34,34,0,"N/A"
"BAJRANG MANOHAR SONWANE","BEED","Maharashtra","Lok Sabha",165899107.19,37977152,22.89,20,80,20,127921955.19,39,38,1,"N/A"
"Dr. Sudhanshu Trivedi (2024-30)","Sitting Rajya Sabha","Uttar Pradesh","Rajya Sabha",147000000,33646948,22.89,14,39,26.42,113353052,28,28,0,"N/A"
"VISHWESHWAR HEGDE KAGERI","UTTARA KANNADA","Karnataka","Lok Sabha",147000000,33350000,22.69,30,113,20.98,113650000,83,82,1,"N/A"
"D M Kathir Anand","VELLORE","Tamil Nadu","Lok Sabha",160196941.11,36327158,22.68,15,68,18.07,123869783.11000001,40,38,2,"N/A"
"Shri Yerram Venkata Subba Reddy (2024-30)","Sitting Rajya Sabha","Andhra Pradesh","Rajya Sabha",147000000,33232213,22.61,38,104,26.76,113767787,72,69,3,"N/A"
"Giriraj Singh","BEGUSARAI","Bihar","Lok Sabha",147000000,32994877,22.45,17,50,25.37,114005123,38,37,1,"N/A"
"KRITI DEVI DEBBARMAN","TRIPURA EAST","Tripura","Lok Sabha",147000000,32934783,22.4,13,29,30.95,114065217,24,24,0,"N/A"
"Dr Chandra Sekhar Pemmasani","GUNTUR","Andhra Pradesh","Lok Sabha",159774113.11,35682555,22.33,9,87,9.38,124091558.11000001,44,42,2,"N/A"
"E.T. MOHAMMED BASHEER","MALAPPURAM","Kerala","Lok Sabha",163895872.11,36427493,22.23,41,149,21.58,127468379.11000001,73,71,2,"N/A"
"Shri Madan Rathore (2024-30)","Sitting Rajya Sabha","Rajasthan","Rajya Sabha",147000000,32632145,22.2,21,111,15.91,114367855,229,222,7,"N/A"
"V. SOMANNA","TUMKUR","Karnataka","Lok Sabha",147000000,32543790,22.14,4,57,6.56,114456210,27,17,10,"N/A"
"AKHILESH YADAV","KANNAUJ","Uttar Pradesh","Lok Sabha",147000000,32453607,22.08,40,204,16.39,114546393,92,82,10,"N/A"
"Shri Sadanand Mhalu Shet Tanavade (2023-29)","Sitting Rajya Sabha","Goa","Rajya Sabha",171500000,37836353.99,22.06,10,32,23.81,133663646.00999999,26,26,0,"N/A"
"Shri Dhananjay Bhimrao Mahadik (2022-28)","Sitting Rajya Sabha","Maharashtra","Rajya Sabha",220383643.11,48415797,21.97,32,126,20.25,171967846.11,41,41,0,"N/A"
"Smt Aparajita Sarangi","BHUBANESWAR","Odisha","Lok Sabha",147420861.41,32303960,21.91,47,230,16.97,115116901.41,229,205,24,"N/A"
"BHOJRAJ NAG","KANKER","Chhattisgarh","Lok Sabha",164672734.11,35985836,21.85,29,58,33.33,128686898.11000001,104,103,1,"N/A"
"Hasmukh Bhai Soma Bhai Patel","AHMEDABAD EAST","Gujarat","Lok Sabha",147000000,32021270,21.78,20,177,10.15,114978730,36,36,0,"N/A"
"JAGADISH CHANDRA BARMA BASUNIA","COOCHBEHAR","West Bengal","Lok Sabha",168604641.11,36689865,21.76,1,96,1.03,131914776.11000001,41,41,0,"N/A"
"ADV GOWAAL KAGADA PADAVI","NANDURBAR","Maharashtra","Lok Sabha",147816309.11,32041066,21.68,189,90,67.74,115775243.11000001,189,189,0,"N/A"
"AMAR SHARADRAO KALE","WARDHA","Maharashtra","Lok Sabha",147000000,31855968,21.67,29,80,26.61,115144032,39,38,1,"N/A"
"PARTHA BHOWMICK","BARRACKPUR","West Bengal","Lok Sabha",147000000,31114929,21.17,4,28,12.5,115885071,11,11,0,"N/A"
"PRADEEP PUROHIT","BARGARH","Odisha","Lok Sabha",147000000,30901278,21.02,42,276,13.21,116098722,112,110,2,"N/A"
"Piyush Vedprakash Goyal","MUMBAI NORTH","Maharashtra","Lok Sabha",147000000,30848998,20.99,0,49,0,116151002,17,13,4,"N/A"
"Shri Jugal Kishore Sharma","JAMMU","Jammu And Kashmir","Lok Sabha",147000000,30668749,20.86,45,166,21.33,116331251,97,95,2,"N/A"
"MADHAVANENI RAGHUNANDAN RAO","MEDAK","Telangana","Lok Sabha",147000000,30484168,20.74,41,141,22.53,116515832,49,49,0,"N/A"
"Thiru Dayanidhi Maran","CHENNAI CENTRAL","Tamil Nadu","Lok Sabha",147000000,30478390,20.73,4,8,33.33,116521610,8,7,1,"N/A"
"Shri Masthan Rao Yadav Beedha (2024-28)","Sitting Rajya Sabha","Andhra Pradesh","Rajya Sabha",171296045.11,35512349,20.73,40,80,33.33,135783696.11,46,46,0,"N/A"
"SURESH KUMAR SHETKAR","ZAHIRABAD","Telangana","Lok Sabha",147000000,30460371,20.72,64,291,18.03,116539629,134,120,14,"N/A"
"DARSHAN SINGH CHOUDHARY","HOSHANGABAD","Madhya Pradesh","Lok Sabha",147000000,30022552,20.42,49,410,10.68,116977448,314,296,18,"N/A"
"Shri Jayant Chaudhary (2022-28)","Sitting Rajya Sabha","Uttar Pradesh","Rajya Sabha",214074707.67000002,43141697,20.15,8,16,33.33,170933010.67000002,25,22,3,"N/A"
"ANANTA NAYAK","KEONJHAR","Odisha","Lok Sabha",147000000,29597100,20.13,17,325,4.97,117402900,449,448,1,"N/A"
"Shri Ilaiyaraaja (2022-28)","Nominated Rajya Sabha","Tamil Nadu","Rajya Sabha",220563957.11,44381022,20.12,17,10,62.96,176182935.11,28,28,0,"N/A"
"Shri Subhash Barala (2024-30)","Sitting Rajya Sabha","Haryana","Rajya Sabha",147000000,29532538,20.09,4,73,5.19,117467462,61,61,0,"N/A"
"SHAMBHAVI","SAMASTIPUR","Bihar","Lok Sabha",147000000,29478647,20.05,16,111,12.6,117521353,39,28,11,"N/A"
"Dr. Laxmikant Bajpayee (2022-28)","Sitting Rajya Sabha","Uttar Pradesh","Rajya Sabha",196000000,39061207,19.93,4,62,6.06,156938793,36,34,2,"N/A"
"ADV K FRANCIS GEORGE","KOTTAYAM","Kerala","Lok Sabha",188722256.11,37467974,19.85,53,305,14.8,151254282.11,82,80,2,"N/A"
"Arvind Ganpat Sawant","MUMBAI SOUTH","Maharashtra","Lok Sabha",147000000,28859509,19.63,14,46,23.33,118140491,18,18,0,"N/A"
"DR KALGE SHIVAJI BANDAPPA","LATUR","Maharashtra","Lok Sabha",147000000,28846420,19.62,26,91,22.22,118153580,34,33,1,"N/A"
"Vijay Kumar Hansdak","RAJMAHAL","Jharkhand","Lok Sabha",147223957.11,28886697,19.62,0,468,0,118337260.11000001,302,302,0,"N/A"
"NARESH CHANDRA UTTAM PATEL","FATEHPUR","Uttar Pradesh","Lok Sabha",147000000,28783210,19.58,13,68,16.05,118216790,49,49,0,"N/A"
"Shri Samik Bhattacharya (2024-30)","Sitting Rajya Sabha","West Bengal","Rajya Sabha",147000000,28774223,19.57,10,41,19.61,118225777,28,24,4,"N/A"
"Ramvir Singh Bidhuri","SOUTH DELHI","Delhi","Lok Sabha",147559100,28849836,19.55,41,93,30.6,118709264,48,48,0,"N/A"
"Adv Adoor Prakash ","ATTINGAL","Kerala","Lok Sabha",147000000,28617364,19.47,108,337,24.27,118382636,115,115,0,"N/A"
"T Sumathy (A) Thamizhachi Thangapandian ","CHENNAI SOUTH","Tamil Nadu","Lok Sabha",147000000,28530278,19.41,5,26,16.13,118469722,25,25,0,"N/A"
"K RADHAKRISHNAN","ALATHUR","Kerala","Lok Sabha",147000000,28066021,19.09,15,171,8.06,118933979,30,30,0,"N/A"
"Dr. Ashok Kumar Mittal (2022-28)","Sitting Rajya Sabha","Punjab","Rajya Sabha",222487632.14,41939879,18.85,15,32,31.91,180547753.14,240,234,6,"N/A"
"LAXMIKANT PAPPU NISHAD","SANT KABIR NAGAR","Uttar Pradesh","Lok Sabha",147000000,27502127,18.71,2,503,0.4,119497873,38,8,30,"N/A"
"Prabhubhai Nagarbhai Vasava","BARDOLI","Gujarat","Lok Sabha",147000000,27468376,18.69,62,268,18.79,119531624,84,83,1,"N/A"
"Shri Rajmohan Unnithan ","KASARAGOD","Kerala","Lok Sabha",156754633.11,29132579,18.58,56,151,27.05,127622054.11000001,121,111,10,"N/A"
"Shri Govindbhai Laljibhai Dholakia (2024-30)","Sitting Rajya Sabha","Gujarat","Rajya Sabha",147000000,27272966,18.55,44,78,36.07,119727034,59,58,1,"N/A"
"KADIYAM KAVYA","WARANGEL","Telangana","Lok Sabha",147000000,27189421,18.5,53,161,24.77,119810579,73,73,0,"N/A"
"Smt Poonamben Hematbhai Maadam","JAMNAGAR","Gujarat","Lok Sabha",147000000,27167387,18.48,48,131,26.82,119832613,63,55,8,"N/A"
"AZAD KIRTI JHA","BARDHAMAN-DURGAPUR","West Bengal","Lok Sabha",179658399.98,33156887,18.46,6,106,5.36,146501512.98,30,29,1,"N/A"
"Shri S. Jaishankar (2023-29)","Sitting Rajya Sabha","Gujarat","Rajya Sabha",171500000,31616893,18.44,51,112,31.29,139883107,60,60,0,"N/A"
"RAHUL GANDHI","RAE BARELI","Uttar Pradesh","Lok Sabha",147000000,27068171,18.41,74,118,38.54,119931829,151,132,19,"N/A"
"Anto Antony","PATHANAMTHITTA","Kerala","Lok Sabha",147000000,26984855,18.36,60,295,16.9,120015145,78,78,0,"N/A"
"CHARANJIT SINGH CHANNI","JALANDHAR","Punjab","Lok Sabha",147000000,26923285,18.32,58,151,27.75,120076715,218,205,13,"N/A"
"Shri Kumbakudi Sudhakaran","KANNUR","Kerala","Lok Sabha",147000000,26785182,18.22,61,232,20.82,120214818,98,81,17,"N/A"
"Jaswantsinh Sumanbhai Bhabhor","DAHOD","Gujarat","Lok Sabha",147000000,26676501,18.15,75,339,18.12,120323499,91,90,1,"N/A"
"SELJA","SIRSA","Haryana","Lok Sabha",147000000,26548478,18.06,59,253,18.91,120451522,152,137,15,"N/A"
"Praveen Khandelwal","CHANDINI CHOWK","Delhi","Lok Sabha",147470276,26487847,17.96,35,34,50.72,120982429,42,42,0,"N/A"
"MUKESHKUMAR CHANDRAKAANT DALAL","SURAT","Gujarat","Lok Sabha",147000000,26395724,17.96,92,128,41.82,120604276,112,112,0,"N/A"
"Shri Amar Pal Maurya (2024-30)","Sitting Rajya Sabha","Uttar Pradesh","Rajya Sabha",147000000,26365566,17.94,18,120,13.04,120634434,33,30,3,"N/A"
"RAJPALSINH MAHENDRASINH JADAV","PANCHMAHAL","Gujarat","Lok Sabha",147000000,26359198,17.93,89,450,16.51,120640802,127,108,19,"N/A"
"GENIBEN NAGAJI THAKOR","BANASKANTHA","Gujarat","Lok Sabha",147000000,26332572,17.91,41,127,24.4,120667428,67,65,2,"N/A"
"ABDUL RASHID SHEIKH","BARAMULLAH","Jammu And Kashmir","Lok Sabha",154773472.11,27714021,17.91,44,119,26.99,127059451.11000001,70,67,3,"N/A"
"Dilip Saikia","Darrang-Udalguri","Assam","Lok Sabha",147000000,26230389,17.84,5,225,2.17,120769611,151,146,5,"N/A"
"C.M.RAMESH","ANAKAPALLE","Andhra Pradesh","Lok Sabha",202531656.11,36002667,17.78,20,75,21.05,166528989.11,42,40,2,"N/A"
"MANISH TEWARI","CHANDIGARH","Chandigarh","Lok Sabha",178351443.75,31608858,17.72,31,81,27.68,146742585.75,130,126,4,"N/A"
"Shri Praful Patel (2024-30)","Sitting Rajya Sabha","Maharashtra","Rajya Sabha",147000000,25836264,17.58,22,95,18.8,121163736,38,37,1,"N/A"
"Shri Benny Behanan","CHALAKUDY","Kerala","Lok Sabha",164674770.11,28872817,17.53,13,158,7.6,135801953.11,34,33,1,"N/A"
"NIMUBEN JAYANTIBHAI BAMBHANIYA","BHAVNAGAR","Gujarat","Lok Sabha",147000000,25662379,17.46,28,57,32.94,121337621,34,34,0,"N/A"
"Om Birla","KOTA","Rajasthan","Lok Sabha",163906956.6,28500390,17.39,15,46,24.59,135406566.6,91,90,1,"N/A"
"Smt Sandhya Ray","BHIND","Madhya Pradesh","Lok Sabha",147000000,25218035,17.16,61,68,47.29,121781965,158,158,0,"N/A"
"Smt Supriya Sadanand Sule","BARAMATI","Maharashtra","Lok Sabha",147000000,25041557,17.04,10,116,7.94,121958443,34,32,2,"N/A"
"Shri I.S. Inbadurai (2025-31)","Sitting Rajya Sabha","Tamil Nadu","Rajya Sabha",89248285.42,15065385,16.88,15,68,18.07,74182900.42,31,31,0,"N/A"
"MIAN ALTAF AHMAD","ANANTNAG","Jammu And Kashmir","Lok Sabha",147000000,24523857,16.68,14,113,11.02,122476143,35,35,0,"N/A"
"Dr Sukanta Majumdar ","BALURGHAT","West Bengal","Lok Sabha",157085364.9,26156776,16.65,33,153,17.74,130928588.9,51,41,10,"N/A"
"Harsh Malhotra","EAST DELHI","Delhi","Lok Sabha",147134131,24390277,16.58,53,60,46.9,122743854,57,57,0,"N/A"
"Shri Manan Kumar Mishra (2024-28)","Sitting Rajya Sabha","Bihar","Rajya Sabha",235263957.11,38457500,16.35,31,57,35.23,196806457.11,39,39,0,"N/A"
"Shri Sarbananda Sonowal (18LS)","DIBRUGARH","Assam","Lok Sabha",147000000,23919705,16.27,3,84,3.45,123080295,63,58,5,"N/A"
"G. KUMAR NAIK","RAICHUR","Karnataka","Lok Sabha",147000000,23896564,16.26,9,119,7.03,123103436,47,44,3,"N/A"
"NILESH DNYANDEV LANKE","AHMEDNAGAR","Maharashtra","Lok Sabha",147000000,23809461,16.2,12,87,12.12,123190539,17,17,0,"N/A"
"Krishan Pal Gurjar","FARIDABAD","Haryana","Lok Sabha",147000000,23658961,16.09,6,76,7.32,123341039,46,46,0,"N/A"
"Vaithilingam Ve","Puducherry","Puducherry","Lok Sabha",209368972.11,33557935,16.03,13,62,17.33,175811037.11,27,22,5,"N/A"
"AVIMANYU SETHI","BHADRAK","Odisha","Lok Sabha",147000000,23316575,15.86,27,251,9.71,123683425,73,65,8,"N/A"
"ASHISH DUBEY","JABALPUR","Madhya Pradesh","Lok Sabha",147000000,23263814,15.83,15,333,4.31,123736186,138,138,0,"N/A"
"Shri Jose K. Mani (2024-30)","Sitting Rajya Sabha","Kerala","Rajya Sabha",122500000,19384930,15.82,28,154,15.38,103115070,44,44,0,"N/A"
"Shri Mahendra Bhatt (2024-30)","Sitting Rajya Sabha","Uttarakhand","Rajya Sabha",147000000,23254909,15.82,11,115,8.73,123745091,159,158,1,"N/A"
"Dr. Sasmit Patra (2022-28)","Sitting Rajya Sabha","Odisha","Rajya Sabha",196063957.11,31000333,15.81,43,262,14.1,165063624.11,123,121,2,"N/A"
"Khalilur Rahaman ","JANGIPUR","West Bengal","Lok Sabha",147000000,23028217,15.67,31,76,28.97,123971783,44,33,11,"N/A"
"DINESHBHAI MAKWANA","AHMEDABAD WEST","Gujarat","Lok Sabha",160434965.11,25122452,15.66,2,205,0.97,135312513.11,4,4,0,"N/A"
"Nityanand Rai","UJJARPUR","Bihar","Lok Sabha",147000000,22994739,15.64,40,54,42.55,124005261,50,50,0,"N/A"
"NARAYAN TATU RANE","RATNAGIRI-SINDHUDURG","Maharashtra","Lok Sabha",147000000,22993974,15.64,25,71,26.04,124006026,39,39,0,"N/A"
"Shri Kesridevsinh Jhala (2023-29)","Sitting Rajya Sabha","Gujarat","Rajya Sabha",171500000,26663551,15.55,21,123,14.58,144836449,52,45,7,"N/A"
"Appalanaidu Kalisetti","VIZIANAGARAM","Andhra Pradesh","Lok Sabha",147000000,22622767,15.39,36,83,30.25,124377233,57,56,1,"N/A"
"DR. KIRSAN NAMDEO","GADCHIROLI-CHIMUR","Maharashtra","Lok Sabha",147000000,22599453,15.37,18,148,10.84,124400547,26,26,0,"N/A"
"Shri Hibi Eden","ERNAKULAM","Kerala","Lok Sabha",162177260.11,24928980,15.37,18,94,16.07,137248280.11,34,34,0,"N/A"
"Shri Narain Dass Gupta (2024-30)","Sitting Rajya Sabha","Delhi","Rajya Sabha",160837070,24703922,15.36,11,40,21.57,136133148,16,15,1,"N/A"
"Shri P. P. Suneer (2024-30)","Sitting Rajya Sabha","Kerala","Rajya Sabha",122500000,18439441,15.05,19,69,21.59,104060559,31,31,0,"N/A"
"Shri Rajeev Shukla (2022-28)","Sitting Rajya Sabha","Chhattisgarh","Rajya Sabha",271174394.23,40599928,14.97,4,26,13.33,230574466.23000002,35,33,2,"N/A"
"Smt. Jaya Amitabh Bachchan (2024-30)","Sitting Rajya Sabha","Uttar Pradesh","Rajya Sabha",147000000,21904185,14.9,10,13,43.48,125095815,21,21,0,"N/A"
"Omprakash Bhupalsinh Alias Pawan Rajenimbalkar","OSMANABAD","Maharashtra","Lok Sabha",184758519.11,27342263,14.8,30,160,15.79,157416256.11,43,41,2,"N/A"
"RAMASAHAYAM RAGHURAM REDDY","KHAMMAM","Telangana","Lok Sabha",147000000,21423748,14.57,18,194,8.49,125576252,46,43,3,"N/A"
"Shri Raghav Chadha (2022-28)","Sitting Rajya Sabha","Punjab","Rajya Sabha",237229207.25,34558312,14.57,4,2,66.67,202670895.25,34,34,0,"N/A"
"Rao Inderjit Singh","GURGAON","Haryana","Lok Sabha",147000000,21332402,14.51,14,33,29.79,125667598,24,22,2,"N/A"
"Smt. Rekha Sharma (2024-28)","Sitting Rajya Sabha","Haryana","Rajya Sabha",98000000,14183077,14.47,1,144,0.69,83816923,187,182,5,"N/A"
"DR. SHARMILA SARKAR","BARDHAMAN PURBA","West Bengal","Lok Sabha",147000000,21224009,14.44,17,94,15.32,125775991,33,25,8,"N/A"
"Shri Sudheer Gupta ","MANDSOUR","Madhya Pradesh","Lok Sabha",148988014.83,21420844,14.38,60,163,26.91,127567170.83000001,175,168,7,"N/A"
"MANJU SHARMA","JAIPUR","Rajasthan","Lok Sabha",167082901.11,23994861,14.36,15,54,21.74,143088040.11,31,28,3,"N/A"
"Shri Haris Beeran (2024-30)","Sitting Rajya Sabha","Kerala","Rajya Sabha",122500000,17480985,14.27,10,206,4.63,105019015,23,23,0,"N/A"
"AGA SYED RUHULLAH MEHDI","SRINAGAR","Jammu And Kashmir","Lok Sabha",147000000,20822671,14.17,62,137,31.16,126177329,80,65,15,"N/A"
"VISHAL","SANGLI","Maharashtra","Lok Sabha",147000000,20818890,14.16,11,73,13.1,126181110,21,20,1,"N/A"
"Pralhad Venkatesh Joshi","DHARWAD","Karnataka","Lok Sabha",147000000,20761060,14.12,28,176,13.73,126238940,66,55,11,"N/A"
"Bansuri Swaraj","NEW DELHI","Delhi","Lok Sabha",154306950,21775293,14.11,41,65,38.68,132531657,46,44,2,"N/A"
"Amol Ramsing Kolhe","SHIRUR","Maharashtra","Lok Sabha",147000000,20561770,13.99,15,96,13.51,126438230,25,25,0,"N/A"
"KARTICK CHANDRA PAUL","RAIGANJ","West Bengal","Lok Sabha",202677986.56,28148611,13.89,99,309,24.26,174529375.56,102,102,0,"N/A"
"Shri Golla Baburao (2024-30)","Sitting Rajya Sabha","Andhra Pradesh","Rajya Sabha",147000000,20341881,13.84,2,42,4.55,126658119,22,19,3,"N/A"
"SHIVMANGAL SINGH TOMAR","MORENA","Madhya Pradesh","Lok Sabha",147000000,20290158,13.8,28,38,42.42,126709842,90,90,0,"N/A"
"MURARI LAL MEENA","DAUSA","Rajasthan","Lok Sabha",147000000,19705174,13.4,16,95,14.41,127294826,72,70,2,"N/A"
"Shri Mayankkumar Nayak (2024-30)","Sitting Rajya Sabha","Gujarat","Rajya Sabha",147000000,19560868,13.31,20,151,11.7,127439132,66,65,1,"N/A"
"BHAUSAHEB RAJARAM WAKCHAURE","SHIRDI","Maharashtra","Lok Sabha",147000000,19420448,13.21,11,127,7.97,127579552,32,32,0,"N/A"
"Sanjay Uttamrao Deshmukh","YAVATMAL-WASHIM","Maharashtra","Lok Sabha",185640423,24518118,13.21,23,102,18.4,161122305,42,42,0,"N/A"
"Manoj Tiwari","NORTH EAST DELHI","Delhi","Lok Sabha",225843858,29733175,13.17,6,17,26.09,196110683,10,9,1,"N/A"
"Shri S Niranjan Reddy (2022-28)","Sitting Rajya Sabha","Andhra Pradesh","Rajya Sabha",224621383.11,29522116,13.14,3,16,15.79,195099267.11,30,27,3,"N/A"
"MURLIDHAR MOHOL","PUNE","Maharashtra","Lok Sabha",147000000,18945481,12.89,12,87,12.12,128054519,19,19,0,"N/A"
"PRIYANKA SATISH JARKIHOLI","CHIKKODI","Karnataka","Lok Sabha",147000000,18773055,12.77,16,143,10.06,128226945,38,33,5,"N/A"
"Anurag Singh Thakur","HAMIRPUR","Himachal Pradesh","Lok Sabha",149570117.11,18791823,12.56,45,160,21.95,130778294.11000001,235,230,5,"N/A"
"Shri Ashok Singh (2024-30)","Sitting Rajya Sabha","Madhya Pradesh","Rajya Sabha",147000000,18362339,12.49,11,99,10,128637661,58,56,2,"N/A"
"BAIJAYANT PANDA","KENDRAPARA","Odisha","Lok Sabha",147000000,17127535,11.65,8,48,14.29,129872465,28,28,0,"N/A"
"VARUN CHAUDHRY","AMBALA","Haryana","Lok Sabha",255454264,29577311,11.58,3,154,1.91,225876953,107,99,8,"N/A"
"BACHHAV SHOBHA DINESH","DHULE","Maharashtra","Lok Sabha",147000000,17008131,11.57,15,76,16.48,129991869,18,12,6,"N/A"
"BIBHU PRASAD TARAI","JAGATSINGHPUR","Odisha","Lok Sabha",147000000,16733683,11.38,15,331,4.34,130266317,85,73,12,"N/A"
"MANOHAR LAL","KARNAL","Haryana","Lok Sabha",147000000,16619897,11.31,1,18,5.26,130380103,13,13,0,"N/A"
"Shri P. Wilson (2025-31)","Sitting Rajya Sabha","Tamil Nadu","Rajya Sabha",89248285.42,9998159,11.2,1,34,2.86,79250126.42,4,4,0,"N/A"
"VAMSI KRISHNA GADDAM","PEDDAPALLE","Telangana","Lok Sabha",148451721.11,16373473,11.03,9,62,12.68,132078248.11000001,22,22,0,"N/A"
"SHRIMANT CHH UDAYANRAJE PRATAPSINHAMAHARAJ BHONSLE","SATARA","Maharashtra","Lok Sabha",147000000,16135149,10.98,16,118,11.94,130864851,21,21,0,"N/A"
"SURESH GOPI","THRISSUR","Kerala","Lok Sabha",147000000,16001891,10.89,15,75,16.67,130998109,21,21,0,"N/A"
"SHAFI PARAMBIL","VADAKARA","Kerala","Lok Sabha",147000000,15909800,10.82,15,229,6.15,131090200,56,56,0,"N/A"
"Ram Shiromani","SHRAWASTI","Uttar Pradesh","Lok Sabha",151746878.11,16300060,10.74,0,1357,0,135446818.11,58,3,55,"N/A"
"EATALA RAJENDER","MALKAJGIRI","Telangana","Lok Sabha",327477390.86,34708670,10.6,29,271,9.67,292768720.86,59,53,6,"N/A"
"BISHNU PADA RAY","ANDAMAN AND NICOBAR ISLANDS","Andaman And Nicobar Islands","Lok Sabha",147000000,15498347,10.54,0,29,0,131501653,9,9,0,"N/A"
"Shripad Yesso Naik","NORTH GOA","Goa","Lok Sabha",147000000,15476370,10.53,1,114,0.87,131523630,25,25,0,"N/A"
"BALABHADRA MAJHI","NABARANGPUR","Odisha","Lok Sabha",147413962.11,15470212,10.49,20,200,9.09,131943750.11000001,129,128,1,"N/A"
"SAGAR ESHWAR KHANDRE","BIDAR","Karnataka","Lok Sabha",147000000,15422826,10.49,5,173,2.81,131577174,50,46,4,"N/A"
"DHANORKAR PRATIBHA SURESH ALIAS BALUBHAU","CHANDRAPUR","Maharashtra","Lok Sabha",147000000,14990871,10.2,7,71,8.97,132009129,14,14,0,"N/A"
"E. TUKARAM","BELLARY","Karnataka","Lok Sabha",147000000,14871722,10.12,2,89,2.2,132128278,26,24,2,"N/A"
"Krishna Prasad Tenneti","BAPATLA","Andhra Pradesh","Lok Sabha",167796849.11,16927605,10.09,6,118,4.84,150869244.11,23,21,2,"N/A"
"DR. PRASHANT YADAORAO PADOLE","BHANDARA-GONDIYA","Maharashtra","Lok Sabha",159680283.39,15660951,9.81,8,144,5.26,144019332.39,22,20,2,"N/A"
"Daggubati Purandeshwari","RAJAHMUNDRY","Andhra Pradesh","Lok Sabha",147000000,14394558,9.79,3,34,8.11,132605442,13,13,0,"N/A"
"Balashowry Vallabbhaneni","MACHILIPATNAM","Andhra Pradesh","Lok Sabha",147000000,14363941,9.77,9,51,15,132636059,26,24,2,"N/A"
"Rao Rajendra Singh","JAIPUR RURAL","Rajasthan","Lok Sabha",147000000,14160844,9.63,10,94,9.62,132839156,35,34,1,"N/A"
"DR. M.P ABDUSSAMAD SAMADANI","PONNANI","Kerala","Lok Sabha",170434031.11,16359185,9.6,48,276,14.81,154074846.11,56,52,4,"N/A"
"Prof Sougata Ray","DUM DUM","West Bengal","Lok Sabha",147000000,14046615,9.56,12,40,23.08,132953385,17,17,0,"N/A"
"SMITA UDAY WAGH","JALGAON","Maharashtra","Lok Sabha",148107373.11,14030677,9.47,9,1,90,134076696.11000001,9,9,0,"N/A"
"KAMAKHYA PRASAD TASA","Kaziranga","Assam","Lok Sabha",147000000,13430602,9.14,0,88,0,133569398,40,34,6,"N/A"
"ANITA SUBHADARSHINI","ASKA","Odisha","Lok Sabha",147000000,13418448,9.13,18,123,12.77,133581552,34,32,2,"N/A"
"TANGELLA UDAY SRINIVAS","KAKINADA","Andhra Pradesh","Lok Sabha",199417886.76,18078040,9.07,6,16,27.27,181339846.76,11,10,1,"N/A"
"Shri Sanjay Singh (2024-30)","Sitting Rajya Sabha","Delhi","Rajya Sabha",184466426.11,16687160,9.05,17,86,16.5,167779266.11,22,22,0,"N/A"
"BHARAT SINGH KUSHWAH","GWALIOR","Madhya Pradesh","Lok Sabha",151455276.04,13676652,9.03,4,121,3.2,137778624.04,41,40,1,"N/A"
"Dr. V. Sivadasan (2021-27)","Sitting Rajya Sabha","Kerala","Rajya Sabha",276720323.27,24863346,8.99,14,49,22.22,251856977.26999998,45,45,0,"N/A"
"Ramesh Chandappa Jigajinagi","BIJAPUR","Karnataka","Lok Sabha",269500000,24205222,8.98,0,361,0,245294778,123,94,29,"N/A"
"Kamaljeet Sehrawat","WEST DELHI","Delhi","Lok Sabha",147000000,13075365,8.89,31,34,47.69,133924635,34,33,1,"N/A"
"Shri PP Chaudhary","PALI","Rajasthan","Lok Sabha",147000000,12964180,8.82,8,36,18.18,134035820,143,142,1,"N/A"
"Ravindra Shyamnarayan Alias Ravi Kishan Shukla","GORAKHPUR","Uttar Pradesh","Lok Sabha",147000000,12572509,8.55,0,62,0,134427491,10,10,0,"N/A"
"Yogendra Chandoliya","NORTH WEST DELHI","Delhi","Lok Sabha",147876307,12505354,8.46,11,48,18.64,135370953,16,14,2,"N/A"
"DR. HEMANT VISHNU SAVARA","PALGHAR","Maharashtra","Lok Sabha",147000000,12275200,8.35,1,84,1.18,134724800,15,11,4,"N/A"
"Vishnu Dutt Sharma","KHAJURAHO","Madhya Pradesh","Lok Sabha",147000000,12109947,8.24,3,132,2.22,134890053,24,21,3,"N/A"
"Dr Jayanta Kumar Roy","JALPAIGURI","West Bengal","Lok Sabha",147000000,12082736,8.22,2,17,10.53,134917264,5,5,0,"N/A"
"Magunta Sreenivasulu Reddy","ONGOLE","Andhra Pradesh","Lok Sabha",147000000,11878734,8.08,1,18,5.26,135121266,10,9,1,"N/A"
"Shri Jyotirmay Singh Mahato ","PURULIA","West Bengal","Lok Sabha",147000000,11711831,7.97,15,92,14.02,135288169,31,31,0,"N/A"
"Shri Amit Shah","GANDHINAGAR","Gujarat","Lok Sabha",147000000,11529274,7.84,22,96,18.64,135470726,27,27,0,"N/A"
"MANOJ TIGGA","ALIPURDUARS","West Bengal","Lok Sabha",147000000,11379773,7.74,8,82,8.89,135620227,17,17,0,"N/A"
"Shri Ashwini Vaishnaw (2024-30)","Sitting Rajya Sabha","Odisha","Rajya Sabha",265563957.11,20469117,7.71,4,13,23.53,245094840.11,23,21,2,"N/A"
"KULDEEP INDORA","GANGANAGAR","Rajasthan","Lok Sabha",147000000,11236750,7.64,2,90,2.17,135763250,68,49,19,"N/A"
"Asaduddin Owaisi","HYDERABAD","Telangana","Lok Sabha",147000000,11172317,7.6,1,18,5.26,135827683,7,7,0,"N/A"
"Sribharat MathuKumli","VISAKHAPATNAM","Andhra Pradesh","Lok Sabha",164841922,11694188,7.09,0,40,0,153147734,16,15,1,"N/A"
"JAGADISH SHETTAR","BELGAUM","Karnataka","Lok Sabha",147000000,10222651,6.95,1,171,0.58,136777349,30,21,9,"N/A"
"Shri Manas Ranjan Mangaraj (2022-28)","Sitting Rajya Sabha","Odisha","Rajya Sabha",196063957.11,13305000,6.79,23,105,17.97,182758957.11,31,31,0,"N/A"
"DHARMENDRA PRADHAN","SAMBALPUR","Odisha","Lok Sabha",147000000,9704141,6.6,2,113,1.74,137295859,31,21,10,"N/A"
"P C Mohan","BANGALORE CENTRAL","Karnataka","Lok Sabha",159995711.11,10439505,6.52,2,17,10.53,149556206.11,21,21,0,"N/A"
"Shri M K Raghavan","KOZHIKODE","Kerala","Lok Sabha",147000000,9365325,6.37,15,253,5.6,137634675,26,25,1,"N/A"
"PATHAN YUSUF","BAHARAMPUR","West Bengal","Lok Sabha",147000000,9360897,6.37,1,144,0.69,137639103,7,4,3,"N/A"
"TRIVENDRA SINGH RAWAT","HARDWAR","Uttarakhand","Lok Sabha",147000000,9309458,6.33,3,41,6.82,137690542,16,16,0,"N/A"
"RABINDRA NARAYAN BEHERA","JAJPUR","Odisha","Lok Sabha",147064617.11,9146086,6.22,3,200,1.48,137918531.11,41,41,0,"N/A"
"Shri Satnam Singh Sandhu (2024-30)","Nominated Rajya Sabha","Chandigarh","Rajya Sabha",147000000,9104144,6.19,4,20,16.67,137895856,59,58,1,"N/A"
"Shri Ashokrao Shankarrao Chavan (2024-30)","Sitting Rajya Sabha","Maharashtra","Rajya Sabha",147000000,8968982,6.1,2,31,6.06,138031018,8,8,0,"N/A"
"ISHA KHAN CHOUDHURY","MALDAHA DAKSHIN","West Bengal","Lok Sabha",147000000,8567025,5.83,25,98,20.33,138432975,25,25,0,"N/A"
"PRANITI SUSHILKUMAR SHINDE","SOLAPUR","Maharashtra","Lok Sabha",147000000,8440395,5.74,2,122,1.61,138559605,9,9,0,"N/A"
"ANIL YESHWANT DESAI","MUMBAI SOUTH CENTRAL","Maharashtra","Lok Sabha",147000000,7792570,5.3,0,34,0,139207430,4,3,1,"N/A"
"Dhairyasheel Sambhajirao Mane","HATKANANGLE","Maharashtra","Lok Sabha",147000000,7519206,5.12,4,13,23.53,139480794,5,5,0,"N/A"
"BHAJAN LAL JATAV","KARAULI-DHOLPUR","Rajasthan","Lok Sabha",147000000,7253086,4.93,11,41,21.15,139746914,139,139,0,"N/A"
"Shri Devendra Pratap Singh (2024-30)","Sitting Rajya Sabha","Chhattisgarh","Rajya Sabha",170837637.76,8275468,4.84,3,14,17.65,162562169.76,14,14,0,"N/A"
"Shri Lahar Singh Siroya (2022-28)","Sitting Rajya Sabha","Karnataka","Rajya Sabha",206278088.11,9964305,4.83,2,14,12.5,196313783.11,8,8,0,"N/A"
"KUNDURU RAGHUVEER","NALGONDA","Telangana","Lok Sabha",162952022,7766945,4.77,6,23,20.69,155185077,9,9,0,"N/A"
"MOHITE PATIL DHAIRYASHEEL RAJSINH","MADHA","Maharashtra","Lok Sabha",195613601.7,8828612,4.51,41,218,15.83,186784989.7,41,41,0,"N/A"
"VIVEK THAKUR","NAWADA","Bihar","Lok Sabha",147000000,6537792,4.45,1,84,1.18,140462208,9,5,4,"N/A"
"Sivanath Kesineni","VIJAYAWADA","Andhra Pradesh","Lok Sabha",147000000,6329561,4.31,1,28,3.45,140670439,3,3,0,"N/A"
"Shri Subhasish Khuntia (2024-30)","Sitting Rajya Sabha","Odisha","Rajya Sabha",147000000,6285385,4.28,3,219,1.35,140714615,34,31,3,"N/A"
"Dushyant Singh","JHALAWAR-BARAN","Rajasthan","Lok Sabha",147000000,6025816,4.1,0,196,0,140974184,26,25,1,"N/A"
"Khagen Murmu","MALDAHA UTTAR","West Bengal","Lok Sabha",147000000,6003169,4.08,7,31,18.42,140996831,7,7,0,"N/A"
"Shri Shantanu Thakur ","BANGAON","West Bengal","Lok Sabha",147000000,5993836,4.08,8,50,13.79,141006164,8,8,0,"N/A"
"SANJAY DINA PATIL","MUMBAI NORTH EAST","Maharashtra","Lok Sabha",147000000,5955517,4.05,0,40,0,141044483,3,2,1,"N/A"
"Smt Raksha Nikhil Khadse","RAVER","Maharashtra","Lok Sabha",153112586.11,5871973,3.84,3,7,30,147240613.11,3,3,0,"N/A"
"Mohamed Haneefa","LADAKH","Ladakh","Lok Sabha",161114542,6009392,3.73,0,55,0,155105150,8,8,0,"N/A"
"PARIMAL SUKLABAIDYA","SILCHAR","Assam","Lok Sabha",148300157.11,5511762,3.72,0,153,0,142788395.11,13,10,3,"N/A"
"Smt. Adhikarimayum Sharda Devi (2026-32)","Sitting Rajya Sabha","Manipur","Rajya Sabha",49000000,1800000,3.67,0,10,0,47200000,1,0,1,"N/A"
"Shyamkumar","RAMTEK","Maharashtra","Lok Sabha",147000000,5141086,3.5,1,33,2.94,141858914,6,5,1,"N/A"
"Chandra Prakash Joshi","CHITTORGARH","Rajasthan","Lok Sabha",147000000,4862785,3.31,10,186,5.1,142137215,42,41,1,"N/A"
"Kishan Reddy Gangapuram","SECUNDERABAD","Telangana","Lok Sabha",147000000,4754322,3.23,0,38,0,142245678,5,5,0,"N/A"
"Shri Jogen Mohan (2026-32)","Sitting Rajya Sabha","Assam","Rajya Sabha",49000000,1500000,3.06,0,22,0,47500000,1,0,1,"N/A"
"SELVAGANAPATHI T M","SALEM","Tamil Nadu","Lok Sabha",147000000,4244214,2.89,0,17,0,142755786,2,2,0,"N/A"
"Smt Sangeeta Kumari Singh Deo","BOLANGIR","Odisha","Lok Sabha",147000000,4193424,2.85,3,225,1.32,142806576,14,13,1,"N/A"
"Ajay Tamta","ALMORA","Uttarakhand","Lok Sabha",147000000,4091663,2.78,3,145,2.03,142908337,92,83,9,"N/A"
"Shri Sanjay Kumar Jha (2024-30)","Sitting Rajya Sabha","Bihar","Rajya Sabha",186200000,5078584,2.73,4,2,66.67,181121416,6,6,0,"N/A"
"Smt. Laxmi Verma (2026-32)","Sitting Rajya Sabha","Chhattisgarh","Rajya Sabha",49000000,1250000,2.55,0,2,0,47750000,2,2,0,"N/A"
"Shri Nitin Laxmanrao Jadhav Patil (2024-28)","Sitting Rajya Sabha","Maharashtra","Rajya Sabha",122500000,2996110,2.45,3,58,4.92,119503890,3,3,0,"N/A"
"Shri B. Parthasaradhi Reddy (2022-28)","Sitting Rajya Sabha","Telangana","Rajya Sabha",244365104,5945528,2.43,6,19,24,238419576,7,7,0,"N/A"
"RADHAKRISHNA","GULBARGA","Karnataka","Lok Sabha",147000000,3254664,2.21,0,29,0,143745336,2,2,0,"N/A"
"Smt. Renuka Chowdhury (2024-30)","Sitting Rajya Sabha","Telangana","Rajya Sabha",147000000,3061296,2.08,0,105,0,143938704,7,5,2,"N/A"
"RUDRA NARAYAN PANY","DHENKANAL","Odisha","Lok Sabha",155013957.11,3039057,1.96,0,81,0,151974900.11,22,22,0,"N/A"
"ANIL BALUNI","GARHWAL","Uttarakhand","Lok Sabha",147000000,2739441,1.86,1,11,8.33,144260559,8,8,0,"N/A"
"Pratap Chandra Sarangi","BALASORE","Odisha","Lok Sabha",147064254.11,2525000,1.72,10,117,7.87,144539254.11,10,10,0,"N/A"
"Shri Paka Venkata Satyanarayana (2025-28)","Sitting Rajya Sabha","Andhra Pradesh","Rajya Sabha",98000000,1599035,1.63,1,12,7.69,96400965,1,1,0,"N/A"
"Shri Jagat Prakash Nadda (2024-30)","Sitting Rajya Sabha","Gujarat","Rajya Sabha",147000000,2100000,1.43,0,74,0,144900000,5,4,1,"N/A"
"Lavu Sri Krishna Devarayalu","NARASARAOPET","Andhra Pradesh","Lok Sabha",174009663.11,2402685,1.38,1,130,0.76,171606978.11,4,4,0,"N/A"
"Nishikant Dubey","GODDA","Jharkhand","Lok Sabha",147000000,1785510,1.21,0,2,0,145214490,1,1,0,"N/A"
"Prataprao Jadhav","BULDHANA","Maharashtra","Lok Sabha",147000000,1208028,0.82,0,68,0,145791972,2,2,0,"N/A"
"Shri Milind Murli Deora (2024-30)","Sitting Rajya Sabha","Maharashtra","Rajya Sabha",147000000,999996,0.68,0,25,0,146000004,2,1,1,"N/A"
"Shri Kartikeya Sharma (2022-28)","Sitting Rajya Sabha","Haryana","Rajya Sabha",196000000,1161226,0.59,0,62,0,194838774,2,2,0,"N/A"
"Gajendra Singh Shekhawat","JODHPUR","Rajasthan","Lok Sabha",147000000,491827,0.33,0,33,0,146508173,1,1,0,"N/A"
"Shrikant Eknath Shinde","KALYAN","Maharashtra","Lok Sabha",147000000,325000,0.22,0,2,0,146675000,1,1,0,"N/A"
"Bhupathiraju Srinivasa varma","NARASAPURAM","Andhra Pradesh","Lok Sabha",147000000,0,0,0,1,0,147000000,0,0,0,"N/A"
"DR. PRADEEP KUMAR PANIGRAHY","BERHAMPUR","Odisha","Lok Sabha",147000000,0,0,0,111,0,147000000,0,0,0,"N/A"
"CHAVAN VASANTRAO BALWANTRAO","NANDED","Maharashtra","Lok Sabha",0,0,0,0,0,0,0,0,0,0,"N/A"
"HARISH CHANDRA MEENA","TONK-SAWAI MADHOPUR","Rajasthan","Lok Sabha",147000000,0,0,0,0,0,147000000,0,0,0,"N/A"
"Kalaben Mohanbhai Delkar","DADRA & NAGAR HAVELI","The Dadra And Nagar Haveli And Daman And Diu","Lok Sabha",147000000,0,0,0,2,0,147000000,0,0,0,"N/A"
"MANISH JAISWAL","HAZARIBAGH","Jharkhand","Lok Sabha",147000000,0,0,0,164,0,147000000,0,0,0,"N/A"
"MISHA BHARTI","PATALIPUTRA","Bihar","Lok Sabha",147000000,0,0,0,0,0,147000000,0,0,0,"N/A"
"PATEL UMESHBHAI BABUBHAI","DAMAN and DIU","The Dadra And Nagar Haveli And Daman And Diu","Lok Sabha",245063957,0,0,0,61,0,245063957,0,0,0,"N/A"
"NARESH GANPAT MHASKE","THANE","Maharashtra","Lok Sabha",147000000,0,0,0,0,0,147000000,0,0,0,"N/A"
"Sanjay Jaiswal","PASCHIM CHAMPARAN","Bihar","Lok Sabha",147000000,0,0,0,0,0,147000000,0,0,0,"N/A"
"Rajiv Pratap Rudy","SARAN","Bihar","Lok Sabha",147000000,0,0,0,12,0,147000000,0,0,0,"N/A"
"Rajiv Ranjan (Lalan) Singh","MUNGER","Bihar","Lok Sabha",147000000,0,0,0,1,0,147000000,0,0,0,"N/A"
"Dr. Santrupt Misra (2026-32)","Sitting Rajya Sabha","Odisha","Rajya Sabha",49000000,0,0,0,11,0,49000000,0,0,0,"N/A"
"Shri Baidyanath Ram (2026-32)","Sitting Rajya Sabha","Jharkhand","Rajya Sabha",49000000,0,0,0,0,0,49000000,0,0,0,"N/A"
"Shri Debashish Samantaray (2026-30)","Sitting Rajya Sabha","Odisha","Rajya Sabha",23800006,0,0,0,0,0,23800006,0,0,0,"N/A"
"Shri Kamal Haasan (2025-31)","Sitting Rajya Sabha","Tamil Nadu","Rajya Sabha",89248285.42,0,0,0,4,0,89248285.42,0,0,0,"N/A"
"Shri Karamvir Singh Singh Boudh (2026-32)","Sitting Rajya Sabha","Haryana","Rajya Sabha",49000000,0,0,0,0,0,49000000,0,0,0,"N/A"
"Shri Lingamaneni Ramesh (2026-32)","Sitting Rajya Sabha","Andhra Pradesh","Rajya Sabha",49000000,0,0,0,1,0,49000000,0,0,0,"N/A"
"Shri Rajneesh Kumar Agrawal (2026-32)","Sitting Rajya Sabha","Madhya Pradesh","Rajya Sabha",49000000,0,0,0,0,0,49000000,0,0,0,"N/A"
"Shri Ramdas Bandu Athawale (2026-32)","Sitting Rajya Sabha","Maharashtra","Rajya Sabha",49000000,0,0,0,7,0,49000000,0,0,0,"N/A"
"Dr. Anbumani Ramadoss (2026-32)","Sitting Rajya Sabha","Tamil Nadu","Rajya Sabha",49356476.5,0,0,0,0,0,49356476.5,0,0,0,"N/A"
"Dr. Satish Poonia (2026-32)","Sitting Rajya Sabha","Rajasthan","Rajya Sabha",49000000,0,0,0,0,0,49000000,0,0,0,"N/A"
"Ms. Swati Maliwal (2024-30)","Sitting Rajya Sabha","Delhi","Rajya Sabha",147000000,0,0,0,3,0,147000000,0,0,0,"N/A"
"Shri Anurag Sharma (2026-32)","Sitting Rajya Sabha","Himachal Pradesh","Rajya Sabha",49000000,0,0,0,0,0,49000000,0,0,0,"N/A"
"Shri James Pangsang Kongkal Sangma (2026-32)","Sitting Rajya Sabha","Meghalaya","Rajya Sabha",49000000,0,0,0,0,0,49000000,0,0,0,"N/A"
"Shri Khiangte Laltluangkima (2026-32)","Sitting Rajya Sabha","Mizoram","Rajya Sabha",24500000,0,0,0,0,0,24500000,0,0,0,"N/A"
"Shri L. K. Sudhish (2026-32)","Sitting Rajya Sabha","Tamil Nadu","Rajya Sabha",49356476.5,0,0,0,0,0,49356476.5,0,0,0,"N/A"
"Shri M. Nagaraja (2026-32)","Sitting Rajya Sabha","Karnataka","Rajya Sabha",49000000,0,0,0,0,0,49000000,0,0,0,"N/A"
"Shri Manmohan Samal (2026-32)","Sitting Rajya Sabha","Odisha","Rajya Sabha",49000000,0,0,0,0,0,49000000,0,0,0,"N/A"
"Shri Parth Ajit Pawar (2026-32)","Sitting Rajya Sabha","Maharashtra","Rajya Sabha",49000000,0,0,0,0,0,49000000,0,0,0,"N/A"
"Shri Prakash Chik Baraik (2026-29)","Sitting Rajya Sabha","West Bengal","Rajya Sabha",49662892,0,0,0,0,0,49662892,0,0,0,"N/A"
"Shri Praveen Chakravarthy (2026-28)","Sitting Rajya Sabha","Tamil Nadu","Rajya Sabha",49356476.5,0,0,0,1,0,49356476.5,0,0,0,"N/A"
"Shri Rajeev Kumar (2026-32)","Sitting Rajya Sabha","West Bengal","Rajya Sabha",49000000,0,0,0,0,0,49000000,0,0,0,"N/A"
"Shri Rajinder Gupta (2025-28)","Sitting Rajya Sabha","Punjab","Rajya Sabha",49000000,0,0,0,0,0,49000000,0,0,0,"N/A"
"Dr. Abhishek Manu Singhvi (2026-32)","Sitting Rajya Sabha","Telangana","Rajya Sabha",73421449,0,0,0,16,0,73421449,0,0,0,"N/A"
"Dr. Alka Singh (2026-32)","Sitting Rajya Sabha","Rajasthan","Rajya Sabha",49000000,0,0,0,0,0,49000000,0,0,0,"N/A"
"Dr. Jyoti Nagnath Waghmare (2026-32)","Sitting Rajya Sabha","Maharashtra","Rajya Sabha",49000000,0,0,0,0,0,49000000,0,0,0,"N/A"
"Dr. M. Thambi Durai (2026-32)","Sitting Rajya Sabha","Tamil Nadu","Rajya Sabha",49356476.5,0,0,0,0,0,49356476.5,0,0,0,"N/A"
"Dr. Meenakshi Jain (2025-31)","Nominated Rajya Sabha","Delhi","Rajya Sabha",73500000,0,0,0,10,0,73500000,0,0,0,"N/A"
"Shri Bhashyam Rama Krishna (2026-32)","Sitting Rajya Sabha","Andhra Pradesh","Rajya Sabha",49000000,0,0,0,1,0,49000000,0,0,0,"N/A"
"Shri C. Sadanandan Master (2025-31)","Nominated Rajya Sabha","Kerala","Rajya Sabha",73500000,0,0,0,55,0,73500000,0,0,0,"N/A"
"Shri Chowdry Mohammad Ramzan (2025-31)","Sitting Rajya Sabha","Jammu And Kashmir","Rajya Sabha",73500000,0,0,0,2,0,73500000,0,0,0,"N/A"
"Shri Christopher Manickam (2026-32)","Sitting Rajya Sabha","Tamil Nadu","Rajya Sabha",49356476.5,0,0,0,0,0,49356476.5,0,0,0,"N/A"
"Shri Dilip Kumar Ray (2026-32)","Sitting Rajya Sabha","Odisha","Rajya Sabha",49000000,0,0,0,31,0,49000000,0,0,0,"N/A"
"Shri Harsh Vardhan Shringla (2025-31)","Nominated Rajya Sabha","West Bengal","Rajya Sabha",73500000,0,0,0,6,0,73500000,0,0,0,"N/A"
"Shri Mahesh Kewat (2026-32)","Sitting Rajya Sabha","Madhya Pradesh","Rajya Sabha",49000000,0,0,0,0,0,49000000,0,0,0,"N/A"
"Shri Mallikarjun Kharge (2026-32)","Sitting Rajya Sabha","Karnataka","Rajya Sabha",49063957.11,0,0,0,0,0,49063957.11,0,0,0,"N/A"
"Shri Mansoor Ali Khan (2026-32)","Sitting Rajya Sabha","Karnataka","Rajya Sabha",49000000,0,0,0,3,0,49000000,0,0,0,"N/A"
"Shri Ram Nath Thakur (2026-32)","Sitting Rajya Sabha","Bihar","Rajya Sabha",65673638.730000004,0,0,0,33,0,65673638.730000004,0,0,0,"N/A"
"Shri Ramrao Sakharam Wadkute (2026-32)","Sitting Rajya Sabha","Maharashtra","Rajya Sabha",49000000,0,0,0,0,0,49000000,0,0,0,"N/A"
"Shri Sanjay Yadav (2024-30)","Sitting Rajya Sabha","Bihar","Rajya Sabha",186200000,0,0,0,54,0,186200000,0,0,0,"N/A"
"Shri Tarun Chugh (2026-32)","Sitting Rajya Sabha","Madhya Pradesh","Rajya Sabha",49000000,0,0,0,0,0,49000000,0,0,0,"N/A"
"Shri Upendra Kushwaha (2026-32)","Sitting Rajya Sabha","Bihar","Rajya Sabha",49000000,0,0,0,7,0,49000000,0,0,0,"N/A"
"Shri Vijay Chintakayala (2026-32)","Sitting Rajya Sabha","Andhra Pradesh","Rajya Sabha",49000000,0,0,0,0,0,49000000,0,0,0,"N/A"
"Smt. Maya Chintaman Ivnate (2026-32)","Sitting Rajya Sabha","Maharashtra","Rajya Sabha",49000000,0,0,0,20,0,49000000,0,0,0,"N/A"
"Shri Shivesh Kumar (2026-32)","Sitting Rajya Sabha","Bihar","Rajya Sabha",49000000,0,0,0,0,0,49000000,0,0,0,"N/A"
"Shri Sujeet Kumar (2026-32)","Sitting Rajya Sabha","Odisha","Rajya Sabha",49000000,0,0,0,35,0,49000000,0,0,0,"N/A"
"Shri Tai Tagak (2026-32)","Sitting Rajya Sabha","Arunachal Pradesh","Rajya Sabha",49000000,0,0,0,0,0,49000000,0,0,0,"N/A"
"Dr. Mukeshbhai J. Rathwa (2026-32)","Sitting Rajya Sabha","Gujarat","Rajya Sabha",49000000,0,0,0,0,0,49000000,0,0,0,"N/A"
"Shri Constandine Ravindran (2026-32)","Sitting Rajya Sabha","Tamil Nadu","Rajya Sabha",49356476.5,0,0,0,0,0,49356476.5,0,0,0,"N/A"
"Shri Gurwinder Singh Oberoi (2025-31)","Sitting Rajya Sabha","Jammu And Kashmir","Rajya Sabha",73500000,0,0,0,0,0,73500000,0,0,0,"N/A"
"Shri Neeraj Dangi (2026-32)","Sitting Rajya Sabha","Rajasthan","Rajya Sabha",49000000,0,0,0,4,0,49000000,0,0,0,"N/A"
"Shri Nitin Nabin (2026-32)","Sitting Rajya Sabha","Bihar","Rajya Sabha",49000000,0,0,0,0,0,49000000,0,0,0,"N/A"
"Shri Pawan Khera (2026-32)","Sitting Rajya Sabha","Karnataka","Rajya Sabha",49000000,0,0,0,3,0,49000000,0,0,0,"N/A"
"Shri Pramod Boro (2026-32)","Sitting Rajya Sabha","Assam","Rajya Sabha",49000000,0,0,0,0,0,49000000,0,0,0,"N/A"
"Shri Rajesh Parmanand Shukla (2026-32)","Sitting Rajya Sabha","Gujarat","Rajya Sabha",49000000,0,0,0,0,0,49000000,0,0,0,"N/A"
"Shri Sajjad Ahmad Kichloo (2025-31)","Sitting Rajya Sabha","Jammu And Kashmir","Rajya Sabha",73500000,0,0,0,18,0,73500000,0,0,0,"N/A"
"Shri Terash Gowalla (2026-32)","Sitting Rajya Sabha","Assam","Rajya Sabha",49000000,0,0,0,0,0,49000000,0,0,0,"N/A"
"Shri Sana Sathish Babu (2026-32)","Sitting Rajya Sabha","Andhra Pradesh","Rajya Sabha",49063978,0,0,0,0,0,49063978,0,0,0,"N/A"
"Shri Sanjay Bhatia (2026-32)","Sitting Rajya Sabha","Haryana","Rajya Sabha",49000000,0,0,0,1,0,49000000,0,0,0,"N/A"
"Shri Sat Paul Sharma (2025-31)","Sitting Rajya Sabha","Jammu And Kashmir","Rajya Sabha",73500000,0,0,0,16,0,73500000,0,0,0,"N/A"
"Shri Tiruchi Siva (2026-32)","Sitting Rajya Sabha","Tamil Nadu","Rajya Sabha",49356476.5,0,0,0,0,0,49356476.5,0,0,0,"N/A"
"Shri Ujjwal Deorao Nikam (2025-31)","Nominated Rajya Sabha","Maharashtra","Rajya Sabha",73500000,0,0,0,0,0,73500000,0,0,0,"N/A"
"Shri Vinod Shridhar Tawde (2026-32)","Sitting Rajya Sabha","Maharashtra","Rajya Sabha",49000000,0,0,0,0,0,49000000,0,0,0,"N/A"